business_id,lending_business_id,Ext_tr1_score,Ext_sp1_score,Ext_IN1_score,target
621ddd2e-ab25-4ccf-8ed3-83141a5cb012,03bdbb7f-ec69-4e6f-95c8-e50114794d82,525.5937078791115,549,556.0098083477002,0
b8a98eff-5530-4e97-9564-c118e729be8e,3138826b-a245-43e5-abc3-9fb50cbe8517,719.4779848542859,649,614.149869886824,0
c131d2d2-3e62-4054-9cbd-0188c9d97cc0,350e39cc-af90-4b67-a44f-02bc7d5caafe,561.590899920622,538,637.2798326331133,0
1c72fceb-f328-46e3-acee-8b7d64dd6bae,486bb2f0-69a9-4bb2-ae8d-421eaf5b6487,777.7865832967827,807,735.3720240297375,0
fdbeb997-87d8-411e-a068-9a2297324910,b88bad24-8711-444a-98e1-52047e87f6fc,641.7998443190941,621,622.6725532848518,0
d8ed8251-9fa6-49c5-a784-0f39b1d985ac,4b8453b1-d1f7-4998-86e4-671c19f9d3e9,594.8801920499659,578,600.7465390457667,0
9d42d1cd-c025-4c1b-8f82-bca435b31952,3e762df9-d698-4b40-8099-b747035e463d,574.3973915626159,563,538.5106182558613,0
c6f4a6eb-553a-4fd2-b063-c9c0c510d54e,68e29a10-1051-45ce-a8d6-4365d97fecf1,482.3513440600702,520,584.4069574168378,0
cfd4cf54-637e-45a9-a14a-81f5e8c696bf,dbe60817-ddd0-409b-919e-1d09ca3ca4a5,555.8959692605165,545,617.2719501470874,0
2bdd10d9-1e7d-498d-8f36-b9bd430e1117,119fa1dc-8178-40df-bb85-e6ff5fc4f6f5,638.3567761342478,649,592.9296408148657,0
3120fc6d-e3de-4932-90fe-d40b6f42e13b,757e9f4f-7634-4129-af8a-a66dac2efcc7,562.3294440931958,634,543.518883729273,0
480acd65-6031-45f9-a612-d18904ea9e79,70c31dc9-d8c6-47cc-9ab1-a903224dca8d,691.7978958025099,490,670.1861518417013,1
7a0234ef-2f1e-4d20-a541-bdbcec2141fa,d3a1a2ae-76d2-4495-bed3-c383a3ced5a0,583.9434697960298,583,556.0098083477002,0
1e145ecc-6e2b-4f95-a2b7-e8e4a4dd4404,9b75636e-42b6-4ee7-a3ba-9e454ef591ac,540.2716050390004,703,633.026431315335,0
911cf362-48d1-4045-96a3-f7cec51f8603,3f498263-dddc-46e5-9245-fb025104ca91,661.7183493755091,647,609.6927917062399,0
65cc703d-1ed0-4cc5-bffd-4fa6b15d733a,d8cdba53-2012-4ac4-b926-2e474ce99dba,712.7053824908922,753,671.5709100101471,0
a0d643ff-47e4-483e-b1a4-253a43bcc5f4,844d1e54-2459-48ef-a0bd-7724b8b63bbb,470.00718317849294,554,535.5295739158586,1
bde474d4-2641-473b-80dd-21eec36721a6,01caa9fe-c836-4374-904d-9df50bddbd63,491.4769638638969,584,581.1309441425816,1
d5e1db90-3d9e-405e-92b9-8f9ac410834f,4c1aeb8d-5cf1-40b8-a8ce-64b2566c6309,588.6804429571108,516,592.7467787978526,0
167f4ba8-a663-4620-a682-1c2fa8513345,091291a8-8975-4206-9a81-78691f4ba8e0,638.5054748621641,768,557.0458268619303,0
572a1301-4e50-4d3f-b5d8-6f51667ee5e5,15c88da1-bc70-4567-9bc2-2b3f1234eafa,574.2729211618234,455,603.5024336802337,1
7997c204-c4eb-4ad6-9601-70badf0f07b6,d6eac83f-7df8-4f0c-a70d-14218a70d117,626.5196730301741,649,602.6646707988259,0
71369cb6-3f39-41f8-840b-0a5ad8efd227,0e07e040-aa76-468b-993e-ad2fdfa9b4e6,670.2450466201129,716,706.8728896575816,0
5d23692a-a6e9-4e96-9503-6d9ec60ba16b,9f995099-d1f5-4d27-a38e-06821e4fe3ff,727.017861655911,802,583.022199248392,0
b643f418-bbc0-43d4-b5d8-dd890f82fc6f,ccab6362-3577-467d-bf35-b283209d54bd,610.8042363728773,561,591.3620206294067,1
47d9d9f7-81c8-4c88-aa17-46bfdc620b5d,278b4485-52bf-40a4-93a6-c3eb0de3f533,651.8373087036961,847,860.9640237600759,0
433717bb-1b4a-4b08-ab98-237c1825be59,141c2035-9885-4e83-9d8e-380aa0fdbca1,653.9586657294466,761,867.0979133021261,0
09b2ed60-0f0c-4df5-8238-2eecf4f38e0a,52f2c87a-b723-482b-9a88-1949b1b65bf3,691.7978958025099,556,701.4966844971464,0
4a95d0ac-791c-4c26-ba04-27529cf78788,f24792e6-fd97-4bf7-8f87-fd179b32d110,629.2269069778755,614,612.7651117183781,1
b6398e52-5930-4d55-9b0c-d067e9d4ebba,c4f03bd8-cf2a-4b99-9182-f9ab55ba3f9e,431.0229603890434,557,583.022199248392,0
ce2ca987-03f1-4a7c-98c0-a3282aa1986c,3dfc0121-bf04-4c74-99ec-5794698ba4db,474.0365477484437,541,586.9821524664529,1
f4c4ec4d-7066-429d-946c-7165cc336285,fd98cae1-76c5-4f65-a79e-4483b940a469,626.5196730301741,821,601.5790530356114,0
6c088658-8259-404b-a2f6-219d271d3aaa,3f3b24b8-2be8-4c4a-ad93-a17d7169ada4,616.8039269518508,565,569.0884716714662,0
a4f15690-8691-4705-95da-36517e139eb9,cd81e279-ddf1-4452-860a-7cf093444f11,641.7998443190941,541,558.9908526877031,1
d0c2c2fc-4caa-4e4b-b7b1-43b13d699361,653315fb-0e43-4b42-9922-5ffb6f5dbb4e,537.564371091299,547,579.1652542355519,1
d47fc09c-10ab-4276-9b66-3957876a854b,44e6bb2b-7aae-425f-a734-d96ba6965368,581.6142837281266,614,601.5790530356114,0
5e933d31-0619-44e5-a403-a2652bb44638,4eab6fac-15ae-4441-94b2-fed3ce66ce30,549.9873511173237,625,538.5106182558613,0
e578ff79-eb00-4660-9aa8-133dae74093c,3b6c840b-9925-4662-8d3d-4d9a863833fc,549.9873511173237,615,588.9002842195122,0
4a3f896c-a8ce-4421-8c04-ca27e90f2a1a,a457d0e9-c5d5-44ba-91c7-e461f7d057ed,695.4697404469974,621,691.5892429306726,0
eb494c2a-bc26-430d-a433-9e6403d3f466,ca23cd44-06b6-4d3c-8324-89a3328a92f1,613.9467356889555,615,538.5106182558613,1
a96286bd-c836-41c3-b22c-9ba50985f497,b491ee5f-499d-413e-afb4-4c7c31d5a257,638.3567761342478,649,702.318604041778,0
34ef815c-eba6-4acb-a6f0-a5c9ece158e6,6b3e7079-6cc7-4103-8bb1-2c5c9455e888,549.9873511173237,614,569.2578126690782,0
fa3b70cc-153d-4c64-b579-2715d1fb7416,2409a150-2271-4a7f-926d-a936de53b9a1,624.6901890183204,581,782.8975769293963,0
baffb6be-6352-4129-86ad-74893cff2908,c11be918-7b17-4f6e-b071-a608144427b6,667.3878553572176,615,701.4966844971464,0
0ac56f63-a584-4d4a-be1b-fd09cafab35c,0e549479-3727-4a9f-bbe8-1018a8203fd1,641.8073331621453,556,626.6578795680854,0
fea17ae8-da47-4054-92a0-64dff868a8da,1da4ffeb-1a35-44cf-babd-b1142d1f1318,626.2888286648276,751,596.4494298879533,0
5abb6b7c-0b68-4220-a715-9d76a9cca3de,6372d327-e877-4770-ab08-95462d2c80f0,599.4301299936853,649,623.5103161662596,0
d8244046-ced4-4e56-89ce-6d17fe30ab4f,2df919a8-7c52-408d-aa2c-bf3914eae7fe,572.2967778092117,545,577.0537093479562,0
edcb6258-3bf5-44eb-88f9-80f6c595cd85,d01b1630-46cb-4b8e-9e62-0274fcc47ff7,563.4329379521749,541,543.8934674337977,1
99ca371e-84af-49cf-aa49-6a2ec6388bb3,fdb2eb88-cfe0-431c-afc6-a6f07b2ffb2a,653.785646151084,529,632.0087739253786,0
a25776dc-1ce3-423d-8ccc-9ffc1a924f02,3de97561-c074-4e9c-899d-61c06d8385c3,816.6461097463986,830,636.7928147313546,0
32dbd3d6-3e88-4e5f-9628-7d726dd94323,cb323283-4385-47bb-8af1-1595678d64f9,522.6066771311727,575,569.0884716714662,0
85cde2e5-01e6-46fb-ac65-445b60bc80ee,1844c001-02de-4edc-a97b-403dcfa50a74,595.5240650839573,597,634.5239379986464,0
e9d91315-c5dd-4daa-8c09-7e5635bb0075,1582a9ed-e3b6-4243-8466-b0bc9c108949,549.9873511173237,604,557.7368523434385,0
ec87edc1-9ecb-4159-9c12-eb93770e460c,dffbc9b9-a658-462f-864c-ce4cb8e96723,700.9631304342699,760,716.1039638454079,0
a4c2b627-7073-4906-89dd-8fb4ddc59f84,317df849-344d-4897-9123-c03adcb6a908,641.5689999537476,564,592.7572292323522,1
bf7fcfc7-ae1f-4abb-ad1b-98986c16a21a,8cc2813b-5d2b-4e0a-8f89-36fa535eb7f1,728.3501319745315,802,651.09954821951,0
461fa54d-b61c-4b22-89b1-83598e3cc56b,10028d09-f320-4c1b-8dfd-9e0a1c036cb4,613.9467356889555,620,635.7823259498019,0
15273c3a-1e73-4a2a-b7a1-b5bf1797c753,3cbeeca7-ec9c-4bef-87a9-9be4da880051,719.4779848542859,661,783.5351011507266,0
22073241-2a6c-4644-9a82-b427e9e25e30,274135b0-3cfd-4146-bfa0-9c51466efa21,740.0693951644807,769,698.7407898626794,0
eec7b853-2c70-4bd9-a62f-a53178108424,719ece4c-fbe0-4d5f-a483-d4361eb659fe,561.590899920622,562,737.0784943324234,0
40d05017-8e99-41b6-b0b8-8b33aba2e3ec,d84f5e78-30fc-49ba-837f-e4cbc35488de,471.5580902603836,523,583.022199248392,1
46d9e134-75a1-439c-ae01-5979905b32cc,7c9298b5-7ee9-4fe4-aeb1-343afffb6090,451.8144834861896,563,624.3202519701034,0
064912a2-a028-4798-b4f6-e95b673f5a71,519b17ce-2e7f-4254-a35d-8e76bdc85799,805.0377831019662,802,701.4966844971464,0
104a0ecc-906a-463e-96c9-aed765e1d0e9,aef0e91b-abca-473e-b0f0-28b87efd5658,701.4407130802113,751,692.9740010991186,0
8767f20c-5a8e-4aa3-9952-a964c8b5575b,49ee5be1-7ea1-411a-ade4-4f7f28296b59,614.7103012826052,529,625.2373601619979,0
8ab5917f-7c14-4f50-abaf-985c4615a743,d6b3c154-d004-4a49-a00a-a9474fa2538f,581.3855072684854,614,601.5790530356114,1
8d94e1ae-09f3-473d-ab90-c2460d6406e2,4a808f27-0057-44e3-b2e4-783865efd0a9,586.7814060445293,725,887.7433200094824,0
7f7b016a-cf50-48f9-9e67-736779fac52e,ef1df9cf-8f9b-4526-876c-252c88a55a65,743.6303032634514,649,587.7115959890463,0
930770b5-698c-4b98-90e9-99e1cc21e73f,2582f4c5-7d10-4ade-b6f7-59393ca4551f,613.676360324354,642,750.0895375906398,0
981c61a6-b260-471d-b28f-56258fae6895,8a9ea9ab-1a82-497e-9c92-fab990b63841,588.6804429571108,562,612.7651117183781,0
db4164c4-38a9-41be-a55a-0c04042ac397,3dbd615d-3231-4a7c-b81f-0de7a0d98814,626.5196730301741,562,668.5903652885584,0
302371f3-2810-4cac-9425-e1e47ff04ca4,4a38dc27-621b-4c30-aa22-bab5cf7d5bea,716.2636931290808,598,658.6829237220848,0
0de85497-83f2-4493-8352-9ce5d0f12272,831f4c26-c9c5-43b9-bea6-9bf1185f323f,563.4329379521749,463,572.7388963118267,1
1623f78b-1b16-4032-946f-283bdcf6c182,7a946b20-3e33-4f94-b4d3-03e132cf4f30,550.8600006109564,576,529.9879348578336,1
49d366c9-fd16-47c8-845e-0f8141c5e216,8ac4dc7a-9ae7-488b-b7b6-643fbd50cca7,566.0751066331719,615,590.0013345978853,0
21f6f08f-4918-4d80-92d1-31fcd73cd131,7d7b5cf8-540d-4172-86a8-d10771fc74eb,546.3107286317021,562,557.96868351906,0
16b49c38-6c15-47a8-ae83-3e482ac799e5,fba55946-cb2d-4dfa-bbaf-55ee88581b0b,690.5109019014682,745,751.5870442739513,0
592b72c7-ebd2-49e0-828f-8d80b3585a1f,bd1ed8c7-3ffe-4320-a853-8c031abd19b7,678.4331388663247,550,623.5103161662596,1
22c81f85-b3c2-4107-88de-c092d7ed7dcb,4cfaa97e-4fb3-4cef-bb00-0199d496a991,626.5196730301741,564,603.5024336802337,1
b00a4089-0afb-442d-81ca-148f317725e5,f9240ba4-4ea4-4f09-857c-91cd03e2c66b,576.1075056158923,769,603.5024336802337,0
bdd68df8-2c24-4984-b092-673e253936a6,105769fe-fa7a-4f46-ae9d-2a080a936b6e,695.2409639873562,802,538.5106182558613,0
e02b25c4-7cbd-452b-af70-5f560d0ad2ba,271ccc59-3e0a-4654-968d-d60f5f86c1c9,458.75637645952366,581,505.6201423840494,1
3a2c1c03-a63f-4bf0-a41d-e2501b4e2947,defa0098-5d7a-47ca-8a7f-2e665695c80b,635.7134286424124,576,633.4177577327332,0
19fd4c73-708b-4c01-9bef-394ec1e6fff4,2069776b-01a8-4643-bc3a-fc854ec15f64,716.0349166694396,649,583.022199248392,0
f5140218-2526-4e16-931c-a9aac697cace,99beb06c-0dde-4e0a-9dd4-39b10974e9e6,629.4556834375168,620,750.2263582424298,0
6f2fcf55-d837-47e1-846a-98cf88aaba9b,22fd414f-1c54-4614-99e0-328b7941061d,679.9607926984362,822,878.5935628246239,0
70eac0f5-d16a-4dbf-b20b-2c7eb031f2e3,d96c7ca7-2955-47c2-b9ce-45c176d72354,703.3251640717332,649,593.7674036962734,0
bcc783a4-1a0c-4721-a442-e5178793ff1d,6274f443-4d48-4632-b2b4-e58b89a0834a,641.7998443190941,604,622.6725532848518,0
2a2e07fd-a195-4ee6-aec1-c364abb67733,7a817cb3-6faa-4685-9f47-cabda5146a9f,595.7528415435986,550,557.96868351906,0
7d7d4382-7050-4188-8d6e-8c4b5ad30fb3,a2f3f73e-26d7-4d4d-9b4e-96eaea703322,562.5602884585422,661,520.2110881704868,0
1ae5e987-6009-490e-98ff-c1fc3be4cbb6,440f82f2-2c16-4905-9580-6ec1e5e6d29d,581.3855072684854,563,601.5790530356114,0
5c27c434-6735-4601-88a2-d5964900361b,addfd926-242e-4f99-a65f-d6cf2e2913a7,695.2409639873562,802,701.4966844971464,0
0f39d74e-404e-4a77-8497-a928d45914d6,06c46788-12e9-4492-b446-1fa946361be2,650.2472065346628,802,614.149869886824,0
c1e1e6f7-dbaa-460b-bc77-19e9fa1deaec,7cf84cb4-3779-4dbf-aeb2-8da09a8270c1,667.3878553572176,614,705.4820107803799,0
fb173df2-cae7-4ae6-b099-48721424e724,f82ed64a-1aa6-4d47-ac94-f995b8a69dc5,549.9873511173237,802,549.2558227037428,0
625ba048-614e-4f8e-8fd0-183d2e83d963,38abd147-b9d4-4eac-9794-617186e48cc4,549.9873511173237,615,538.5106182558613,0
349618b3-2cb5-40b0-b313-f80130f473c3,70215a2d-429a-46e3-8013-088b046a4f86,682.6680266461376,614,728.2759807465529,0
f1a54e53-a377-416c-ab66-fdf5fd61fa78,785f82f1-fd24-4022-baff-5d97446028df,626.7484494898154,670,637.2798326331133,0
6459dfb4-a8b0-4aa4-a6e5-25675c1828f4,e5ccf18f-5598-4880-8b05-8ff925f36faf,626.5196730301741,646,619.9166586503849,0
ff1b112d-e601-4c2b-b575-bba26d0683d6,d10db98f-fe23-4e74-bbd0-5f8e2b2807b0,508.95100151603566,512,530.9562926183684,0
616bce3d-0744-4dca-9211-8b9d0cceb609,b7d7dfc9-6448-4b21-9dee-3e2a57a9a595,601.3901955548172,604,655.7902084358278,0
62d94531-c035-49f4-9c4b-08ab8798e6e8,b8bb4861-9bf0-437f-b214-87eaf9014f55,549.9873511173237,607,556.0098083477002,0
68c41211-5006-4061-84e4-6dc0927d6c50,f3da1132-e72f-49fd-bc99-d92f514bb902,562.5602884585422,564,545.2646038998188,0
9ffa4e8b-51ab-4937-885f-a6515a0313a6,872a9783-a270-436c-9e26-18e36f213a22,725.4489574874997,802,622.6725532848518,0
4405add2-6bfb-4d98-9685-3bf4e565df4f,eeb208fd-54d3-4605-bdb9-d27c98389eef,607.5899446476724,569,751.5870442739513,0
46960e6b-12a7-415e-9e24-19f4678460f7,8023d58a-bbd7-44db-a27c-23f89f6b1688,533.3125550197623,520,592.2184344177555,0
7c9c6813-c34a-4b0d-94a8-be861d002b8c,e8afdf20-9ea1-463c-a819-3ecb55725bbf,528.8064262240277,565,600.7465390457667,1
ab75838d-b50b-4cc2-9331-12579d6b77f0,06653f8d-e0c3-49a4-80ac-85872e3cd212,486.8382615493035,546,630.2817299296403,0
ce9db10a-e386-430f-8739-a80a8a57f3f0,e3fc02ed-b96a-4543-8737-5aee1285099b,743.836245936467,742,643.7719500808479,1
434103d6-f9a1-4d93-9368-867cf56ad902,a203dc95-4c6c-411a-8b8c-fe54e4b6f7cb,654.964875331193,531,692.9738287606981,0
44ebabca-7481-4cf2-a111-4cb32df77916,c711e486-fa4e-46c3-9337-a41d0d453567,724.5424855949659,731,707.6367840962023,0
0e8ccf7c-5f1e-4145-8626-b75e030c7620,bcbfcfd7-fa40-4f98-91b2-f94dc5983cc2,626.5196730301741,550,603.5024336802337,0
134a2965-8580-4763-a2c4-eeb5d845d70e,db1dbc6a-abba-491b-9f24-a1a08078a173,673.2965514689728,773,579.3434479567953,0
1a93c989-83c1-4ad4-a4ab-641325515c52,a1f9af8c-ac1f-41d2-b33a-402177898fbb,561.8612752852234,578,610.8656308722599,0
82fdfafa-f258-4e37-abb5-e6b7da99f52f,d48c68df-6eba-4ae8-9b3e-6ff49f2a2306,589.7818689103848,575,592.2184344177555,0
8adcdc28-5fac-456e-a524-c009759403b9,3d960cfc-4cab-4a22-9022-5c27ea815441,598.3961890354341,528,583.022199248392,0
8ce2c1f2-215c-44d2-9c28-fe3551a9ab4f,2321e8c5-b426-4b7c-a1aa-55969205b8a7,624.7477656672073,832,702.3344473785542,0
3737c38e-542a-491b-8205-375b5934df4c,8fb4a857-6ac4-4587-9fc4-d04fc641d0c4,543.9669049532894,606,617.2719501470874,0
4d3d7fc5-db79-4d73-88d3-22735bb21c03,3bd4febb-ac84-40cf-9840-a61308640deb,701.1496600991113,766,592.7467787978526,0
53ae3540-d9b3-47d7-9aac-38bf50d0d6b7,1e542e3b-bdbc-42df-a8fe-cd55df93a204,682.9683143231596,744,584.4069574168378,0
61b7fd80-77d6-4912-bffd-7abcadc783a7,a2746a4f-656a-479b-9322-64e677b97211,510.54231304983296,576,556.0098083477002,0
3c473455-de7c-4b4f-af9d-6461a8bd9f60,9c8a0ee8-f476-42ee-9209-adead705dae2,558.1478317357758,575,635.5527886373751,0
08a35e5a-8e36-45b6-b1d0-00dacbdf523c,94ed7f8d-a7cf-404a-9fb1-7fbb20f18ff3,515.6002317375074,481,592.7572292323522,0
544ff99f-138c-4274-9f8c-a7632fd55256,535d9427-f74e-41b9-aeac-a28a82bfaf47,567.3310281884894,562,599.1436088567086,1
8807f034-ebee-467e-a684-23639dffaff4,80edb7a1-86ea-487e-be3a-1b566995f249,623.003676044706,600,610.8656308722599,0
4b4564e0-a087-48a3-8da5-dad0096840e8,9cb1e5a4-1860-4c77-9477-c2747c1f09bb,597.1278051726796,616,614.149869886824,0
b8e7246a-685f-416b-9702-24f8cf9e412b,36398b44-6c16-4f6b-98dd-49570cacc3d8,534.6725566948876,562,589.0963541574921,0
fbfede11-bf23-45e7-8d5f-5d593233dbd1,75ebb156-1ea0-49d0-a626-f089cd244b97,684.3954356892315,773,670.1861518417013,0
d8a02869-b886-471c-bee7-3e325853ce24,82c7be39-a0ac-4545-9bc7-852bbe4c26b8,743.4015268038102,564,612.7651117183781,0
665c4ad6-ef94-4959-b3af-d5a974d3cc0e,046b7a74-3906-4354-89fd-d821cd4c8d29,678.857298839457,802,663.7798325668738,0
dbf36e55-8fef-4538-a4f0-e475c1ba8911,976fd269-267c-4490-ade9-37c21502db6c,685.8694888101913,769,590.0013345978853,0
33f46d90-8d7f-451a-b0c6-4bc1aad6ae1d,9d51f793-3fda-4cec-884a-f9f8cc2befe4,549.9873511173237,614,539.8953764243073,0
f7a46a2c-2750-4b0b-aefb-8c68db57ba74,39ce6a36-f0e5-4d76-8465-24f0c633f38a,679.9607926984362,649,612.7651117183781,1
3c770ec5-c2e8-484e-948b-d815035d48d0,ab76b5b9-b83a-4af4-a349-fe3df5f9623c,658.5044261974025,621,626.6578795680854,0
e62ca860-e7a0-4779-8815-3bfc7e45bc47,b854768e-1903-41e9-ad66-aae065da2773,581.3855072684854,621,601.5790530356114,0
757435c1-0c69-4c90-938b-45b2583ab119,5ab21965-14ff-41ad-bda4-4bc2b9d815aa,626.5196730301741,635,583.022199248392,0
08a3c19c-c071-453d-a0f3-b14f2f1f0a4c,00b21e35-76ba-4560-aecb-a35dddbab4da,526.442855601858,614,538.5106182558613,1
27759f88-dd41-4567-a422-aeae15f2df0b,3c5c1d8d-8f42-433d-9cf4-8882b83552c5,587.5852563613405,649,538.5106182558613,0
e56c77fa-5eb8-4d1e-bee9-35ab5515c481,e7af35e6-ba34-4adb-aa02-e68e9ef1561a,562.5602884585422,649,588.9002842195122,0
7ca25767-83d0-4ed3-bec0-f58d6937d531,ab4e6aa6-1ec3-4459-9c28-068f2e5185ff,709.5774455404577,656,612.7651117183781,0
d04e026e-8d4a-491d-8911-f5f63242c467,a528aa90-8786-4a36-a8ec-ad9fe6c35bf3,613.9467356889555,614,569.2578126690782,1
20f4ed71-1e3d-4e1c-88ae-a0195344ed64,b09ceb6b-5157-4b73-bc52-037d80ce7704,549.9873511173237,615,584.4069574168378,0
5ce049e6-73f0-4c05-ac4e-d7a0fb7b3506,aed3cf90-7280-404b-93ec-2a3d10dab906,512.1481210442604,589,591.1824159035253,0
62df4727-1b12-45e5-8ae4-976d5268b463,f78fd826-07d1-4e1f-94bd-84aa14513580,704.1978135653659,626,591.3620206294067,0
2e6deeac-2f19-488c-9aca-89708e9549cb,676545f9-8e85-4a73-b068-971eef06a5c5,617.0327034114921,712,782.1398925477812,0
9c8463d6-75d5-42dc-bbda-132926576506,d21d8439-8aab-475d-8d00-0b3a0a1fc74b,573.4002716681908,536,615.5449061513491,0
c142c2f5-adc8-426b-bf14-255ef4296f1d,5538c2fe-3be4-45a8-bafb-7c5b40436b3d,574.5460902905322,569,521.221262634408,1
85e77ade-236d-46e8-9fd1-6c06d89e20fe,cb041195-7491-4966-aef5-7ab2f70c13bf,664.4741325007807,617,691.5892429306726,0
9a4dbc35-c5c9-49be-bdbd-44ab152158d6,8f32cf89-7449-4ff9-8eeb-281dff282591,648.6434664459406,581,592.7572292323522,0
c0fb0192-f581-4b41-b02b-82273504b9c8,7e487c67-87bf-4d42-a3e7-4f7b08e89057,663.6744118077698,578,591.3620206294067,0
d6016eaf-33b8-4c82-a803-742507c40666,65983e57-39e5-4086-b93e-0815209b645f,778.8900771557618,745,671.5709100101471,0
32bc6074-492f-42a1-92cf-659894079fa9,bb31008e-79b4-4497-9e2e-a83fa50dd166,613.9467356889555,612,584.4069574168378,0
45fa4f2f-6e2c-447a-9151-456810dac0f4,01712b7a-552e-470b-abb1-1c7e40770348,577.8404597474622,563,538.5106182558613,0
08e4230f-3d01-46b3-ab11-dd189fc536ea,be164006-73b9-47de-aa4c-098dcbfbf86f,540.2716050390004,520,503.5496609600558,1
0dd081a0-3ffb-450f-a29c-851053a117d3,5c0b5ab5-77db-4019-bce1-0ea8d453beef,577.8404597474622,614,538.5106182558613,1
2380fa2d-2886-40e9-886d-4e2d8ab5bccd,a0ce550a-8aec-4d2d-88b1-15fb36d0b552,577.8404597474622,621,588.9002842195122,0
90009ab3-dc99-41c8-8315-19c066ca3c89,80534a0e-bec1-42e6-a247-6b7f8806a80e,719.4779848542859,683,612.7651117183781,0
3dbae035-753b-4353-91d8-0734d936f2ba,b2987b2d-740c-48e9-a78a-468630251786,632.4726838424343,562,544.9294859480278,0
84973e60-98c7-44ab-a303-12971edc1c66,384e8ccc-0821-4430-bc71-d9f79b801ceb,538.1779793697548,582,600.3854833075103,0
28b7c2d1-99aa-421f-ae6b-7bf9ec42a6e2,9dfca2bc-5890-4ca2-bcbc-33926e6a0e13,626.5196730301741,563,538.5106182558613,1
1e779d51-8dfd-4048-bcf2-95f6e4b14ede,896bb272-e8f8-4188-99c4-301e78766ab9,651.0784122033826,535,604.7892512689681,0
8898e047-6091-4f08-9186-b71a9684e027,e44bd27b-a39f-4a04-b753-388549bbd760,613.9467356889555,614,622.6725532848518,1
5ba72733-3a9b-465e-8e81-8460c86a6134,0f460768-5af7-41ed-9cec-b92e81184d03,562.5602884585422,621,579.1652542355519,0
4efda63e-ef93-4a19-861b-535942787282,f9407ef0-ea30-4d50-9b07-c253f68096fc,565.2675224062436,564,611.1902983895512,0
1feef942-56ae-473a-8e55-a9c6c64c2f05,e7de78a9-7234-40c8-926f-9b69f9da1e8c,549.9873511173237,614,569.2578126690782,1
7a74c8e4-c582-4473-85a4-f182332f235e,608394ae-16ca-4086-bdab-14b0a0c2fada,728.1213555148902,745,772.9901353629227,0
c98e604c-932e-4e3d-b197-3ede9481ef3e,ffa46a2a-2854-498d-8126-21a06fd2e79d,714.4449243146925,564,580.2663046139251,0
4a07a0f8-4740-4b7c-89c6-846e844c8661,1cb3b0d4-fe84-4402-a819-4f08fdfafb33,575.0123190201219,614,556.0098083477002,0
785638f6-0337-4882-a65b-87e146d19bec,a9b8b7f8-592f-4798-bd52-6fb586016e06,509.44088709655887,499,579.1399434324098,0
4ecb4ff6-a140-4024-ad5b-78d657168221,19793f3a-d9f4-4a33-9b99-6e622f70d0ff,589.7143839153621,542,636.0997839244131,0
76c74381-e1a5-42db-a8e3-10d670858e45,d5c00554-14a2-4854-92d0-ddce732195c8,716.7208843691312,649,701.4966844971464,0
7b42dd26-b0c8-4e3e-b92a-a6631b491dcf,606790c0-23f2-4abf-9ae0-298fbb121b87,768.9895378419337,802,691.5892429306726,0
aa3ef857-5a83-40a3-b95b-ce82731bd2c4,a9a16adf-7840-4b90-831a-89b8f6bae6d8,648.6434664459406,649,622.6725532848518,0
e98ced58-b53b-44c0-8cfa-2dd9b43f95be,13fe3447-98d9-4996-92e5-fffa8e63429b,549.9873511173237,614,538.5106182558613,1
0390f7e1-ac3f-4372-abc5-977f7de0c259,02927902-57a5-42cf-9985-f7cb8d7f562e,679.9607926984362,614,609.8014954977986,0
59badb23-1d84-47e7-a6ea-f6e7b21b6cab,5a22673a-e923-4274-88fa-e594becec925,653.750810230773,552,565.9579933324746,0
d6ba348c-b20a-41f8-b9a4-1f9327478e6a,2f3db145-b631-4447-99d7-e80ead6b0872,565.2675224062436,490,561.5091408921983,0
ef8006da-7d09-4471-b668-762fc8448220,e5b469db-020b-472c-985a-5455c8ed74f5,589.7818689103848,475,603.5024336802337,0
dcb9e26b-020d-4bcf-a6a7-9d759eacbe39,de48be80-a14f-45ec-b8e2-c6472d5ae500,679.9607926984362,802,701.4966844971464,0
e6dba498-7b02-4eb1-82d4-dcdc201d8d59,ed96604f-606b-40b2-9496-c27f7ca631f5,565.4962988658849,606,612.7651117183781,0
98dd3072-f3ed-4b6c-8896-e1f516273027,ceb0653a-4981-4a72-962d-f71adac3f809,621.5539234094518,582,658.6829237220848,0
9d3a7a9d-6f6b-4ea2-a0e4-85dba357f9c5,02d9cff5-330a-4d49-9fb3-c72202a5824a,586.9246776474895,489,504.9344191285017,0
b012badb-c1aa-4bbc-98f2-e2238f7f1460,1968ca1f-d996-4bb9-ba4f-47606e498699,498.13066717323295,468,591.1824159035253,0
b14a4191-4139-446d-aa66-b071e4eb8ccb,5249377a-500b-42a7-af3e-109b648c928d,707.0780670914298,649,701.4966844971464,0
caca897a-d524-4c69-b147-17b3464d5b20,6bbf09ba-0926-4507-9f8c-f21431cd688e,611.8177278636791,580,702.0528573496545,0
d3758260-821b-46ad-9089-755acfbbf438,6887dd5b-c3bc-4aaf-a38c-4dd857fef7bc,647.5220107660078,741,751.5870442739513,0
554aca19-0e59-4667-b3b5-f7c2055ebd8e,b97e37de-2bf3-44ba-9f07-0e9125e19288,683.1970907828008,580,631.2993873195967,0
c39272b6-b37f-4093-abba-9bcb71e7b9bb,b9e5ac0a-1c86-420d-b3ba-2e376bd4fd06,534.4160488787414,593,567.7037135030203,1
cd41adc5-d9d1-4a79-8915-dcef185a8e38,bbf0b0cc-2d45-4fe8-b421-16e624596183,641.7998443190941,565,637.2798326331133,0
3f0a54a2-07d0-4a25-ab34-7f384cbdfee7,1ffadd15-e4e6-432b-aa55-c0cd44adbbc8,659.8327194095039,725,763.5679734177754,0
4521ba4c-cbb0-4f3a-92aa-6572e5e64147,daf65aca-e412-422e-91c0-7135b33bebe1,595.5240650839573,564,622.6725532848518,1
005780a1-deb7-4e35-a689-4637f0f83de7,8a742b10-36eb-48aa-bff0-a9cd5bb28ab0,585.4661512319058,563,706.5256460585935,0
7d19c5d3-cf88-4a54-b7b8-51cca271aadd,0953df4a-6877-4ce1-8de1-32080146ac87,768.603386844069,570,671.5709100101471,0
53ce123f-2711-4857-9bb0-a3c97a82ab66,05d911f7-17e4-4ac1-8daf-b27197cc149c,728.1213555148902,666,603.5024336802337,1
8de4944b-1f08-4278-9af4-8794e1db2e3d,26b2768d-bed8-4b97-869c-baa57f38133d,590.0637138494006,716,546.6493620682646,0
8f91a203-2c35-498f-a953-3f23516cd429,c9e7e930-b06c-4cf4-b5e4-4ff04a6dd7b6,641.7998443190941,649,538.5106182558613,0
95cafa91-aa25-4f1d-8dd2-7f65ec338ad0,f6f90ad5-614b-40d9-af5e-f84ada385503,651.8373087036961,632,716.1039638454079,0
97656f70-5038-4f29-af8a-eb15450e9736,c48928ea-759f-42f6-9b6e-5a38a32ad2ea,642.9108270211244,560,626.1923423579394,0
3cef3f4a-7b80-4045-9def-e29381a92bc3,65515094-4389-4345-b291-ce13c99f6025,638.3567761342478,621,592.9296408148657,0
1364363d-0eae-4321-91cd-6690f62b0a8e,b2855e72-bf70-4298-9599-a121c873c981,573.4002716681908,552,656.547892817443,1
198af8d7-fcf0-4636-800b-2b49cdbfbb2d,6e7c058d-8863-4c6c-8547-b3bfa0a022ef,577.2184883179226,581,525.8472820549207,0
4840389e-781f-4b09-97c3-d8a940e3c10c,9ca4efd9-8d01-4963-a481-ebace1ac3537,443.3671212706208,545,568.7138879669416,1
ba66ffcc-2024-461c-bac7-6b3204018b71,6b8b7bee-f6c2-4b3b-a14a-8256fc482697,740.9579052360609,472,588.6061259949398,0
12fdedda-58d0-49fd-9581-b9fcaf2085a4,0e02ca8a-c9af-4ec6-b057-e37fdea2d566,577.8404597474622,614,538.5106182558613,1
1cfc30fc-c033-4504-b6c2-db097914078a,940aff62-09eb-4a3f-a44c-d3866195ab8e,778.8900771557618,802,666.5357272013407,0
667e35ce-80c4-4f46-a8cf-196a3dff6c42,cbd4f141-b455-4284-94bd-4def134f3198,622.8701159365924,744,590.0013345978853,0
dda23845-c788-4cd3-8890-c058b11c4a46,af4ffb09-e1e9-4f44-8ffc-e89df814a210,560.8273343269723,544,545.4370154823323,1
8ecf50d5-5fc1-4b02-b5b8-4511542d5cf5,0ef0abd3-fc40-45c2-801c-f0af452b12bd,743.4015268038102,746,691.5892429306726,0
9498bde8-25df-4de2-ae1f-45f69d69c422,37674ddc-bf88-4a82-9232-a7d032666814,549.9873511173237,542,548.2456482398215,0
191f7d6f-cb9c-400b-9559-d0e1a895a01e,605b4e3f-bf5b-411a-9c73-1e716c3fc369,613.9467356889555,769,602.1072250772881,0
32ef1548-f21a-44c4-b7b6-8d6f6dfb0a60,8f546e94-b110-4cb8-ac36-b5954cec58c2,616.8039269518508,613,538.5106182558613,1
b159fdd8-ac59-4f72-8380-aceeddecbc05,462845f3-12ff-4c44-bdbc-75a739caa50c,641.7998443190941,590,592.7467787978526,0
6a0b4414-50b3-460d-9b3d-47af8a5bd97d,9ebbff04-5c87-4510-89a2-3d03bdb3d5df,713.1047966059224,649,623.5103161662596,0
d58f5d4b-6773-47ce-8424-7ebcdd180a6e,9f466196-a270-4832-bf0a-290d79dbb448,549.9873511173237,614,538.5106182558613,1
99d01167-d2c6-43ab-866a-21e68804501e,f0a9df9a-4e39-45b9-a6f5-0754dd2aa823,703.125438147647,555,583.022199248392,0
c70ca834-2a94-49a1-aadb-0c18ded26f46,b7d62728-6492-4021-838c-66efd187d2eb,613.9467356889555,614,536.9143320843044,0
af7fa1fa-4dc6-418a-8276-f1ea17dace21,52db68fe-921b-4a36-985f-6be6ffe49e3f,658.1909983100444,614,538.5106182558613,0
ff78c393-7dbc-4398-8902-026be463c984,dfb3283c-cb09-4f06-a349-ae94e5f1e015,550.7509167109735,614,538.5106182558613,1
5b9464d1-fd44-4be7-ab59-357b0d29e15f,4516844f-123e-4699-a746-0267f94cb1a2,457.883726965891,540,535.5295739158586,1
6de69ff5-f106-4a52-b58a-76c115a3362f,38b4436b-cae4-4841-b49a-9ab3121a1b75,675.2307306125482,769,591.0115090618065,0
4505c92c-53c8-4f2c-be2d-c09b36159093,ad73eed8-fdfa-4637-ac68-47e83fa730e5,801.3659384574786,802,676.4431687678145,0
6ee06fa4-0720-41a4-853f-46eaf60c94e6,57a95032-9496-4467-8a8f-6137ffddc762,684.5372184915709,759,557.0458268619303,0
e4f88705-2e38-4ba4-96db-dddfcccfb0b2,3822b713-691a-45e6-9af2-89f0b8a1b004,664.9371292256624,559,774.1937927502595,1
ead620ca-144a-4efe-87d3-8f07f419d769,2d7fb7a8-b09d-4fc9-b824-62b5e455f790,653.6369474231677,844,622.6725532848518,0
b40e1d33-9088-4f4a-af4f-abaca5247f90,f3012c6b-cbd6-4034-b846-5a6d5e67914a,685.6407123505501,728,569.6084179728351,0
30ad5846-81ec-43be-ac77-a46169df22bb,93371f40-63d7-4c34-ae57-1316230b8635,626.3199471060879,727,664.0591288825199,0
37e0ba63-e8ff-4ec6-a97e-44c2ef1d5214,946acb66-220f-49d6-a3ea-86ebea6955a9,613.6068074236262,746,567.6932630685208,0
cde8a66d-2314-4197-a552-b25354a078bf,0820ddc2-c064-4f0d-a40d-48d3b2265fa9,567.757372850296,750,592.7467787978526,0
d628eea2-efa4-4411-a9eb-1a003a304f58,8491e61c-abb3-49a2-811a-a49731ecf982,670.3375521949571,714,588.6061259949398,0
2a90aabe-0113-4624-a79d-ff5b0af8d584,181f649b-fab3-492e-9967-b97ed1c372e6,695.2409639873562,802,538.5106182558613,0
4980f8df-5c28-4f53-84e8-d15006696635,53bdde12-6824-42bf-8dc0-ce1fa217f988,634.083552219882,745,758.358458037332,1
bfddbe17-d185-4030-9ae8-5bc041f66ca4,4922f606-344e-4ed1-89b5-44c70a064c7e,789.8545307662027,802,691.5892429306726,0
42cda068-9eca-4939-8df5-637f21fb11b1,3e9d16fa-8a51-46b6-8122-69a62c3aaea7,685.9138035106964,812,696.9654480911079,0
17f1aad1-e248-4eea-ba72-af157c8c15e7,45cfb11a-b8a6-411c-a874-96bc8effaf16,546.4819284424564,575,625.2373601619979,0
175509dc-2b5d-4caa-ade2-70b0a984ee35,82a33f4a-edf1-4d90-b656-9940fa04d0be,567.7906490134772,549,588.6061259949398,1
a3a4e975-9bf3-49e2-9aae-31a62f617566,7c90d08c-929f-4607-a17b-0af8ed5e3ccc,789.6236864008564,727,683.6133824812626,0
4338d44c-b536-4736-8caa-fe4a3cfed293,d022bdf4-3392-49ca-beb5-6a5ddbe75986,521.5945882977694,752,535.5295739158586,0
838587f4-e5e6-4861-896d-876f74c07279,925ba94c-aae9-4eea-add3-84cdf757ac5c,573.4002716681908,556,556.0098083477002,0
32316aeb-3981-47bf-8a85-4d9d22365119,f75cf355-84a2-48cc-b553-3fffff1e5fa7,496.8679497553404,533,471.206180375282,1
a6890d91-8ae3-4f44-a40c-f58d7214efe7,904079c3-6583-47a1-b932-d863d60c93f0,731.0573659222329,559,591.1824159035253,0
68ceeaa8-2cbb-4ac7-b18f-a8d740d03193,62a3a9a1-de43-4bf3-a630-52d28ccec939,629.2269069778755,563,612.7651117183781,0
6d8c02ed-30ed-4cd3-8314-05b602555f6b,d8652d8b-6f07-4398-87a9-6f7db11bd049,506.2230119832735,569,580.17596194664,1
fb43f75f-05f8-499b-8f35-6ac4d9bdfff7,c0f0e5f0-9bf9-4570-8dbe-4acc99fec2b3,535.3094539574349,599,542.5087092653519,0
9cdc2cb2-788d-4db0-90aa-b78a9d9f33ae,311055bb-60d6-4393-969c-32fd2f82b612,549.9873511173237,649,538.5106182558613,0
08271739-f0d2-4849-ac41-ebb1743ab013,b37efc29-85e6-4e83-a214-35d14af3ad56,715.5484181736716,802,647.187274199587,0
946b3dfe-7563-4d58-87fc-576944a31dc0,6fc7018f-d57f-4345-bb3f-40ce5d480338,563.4329379521749,556,592.7572292323522,1
78c802d3-dc1d-4e39-a1f3-ad25659b9337,eb5d5852-518b-411f-9517-b7ebed202901,768.9895378419337,581,670.1861518417013,0
c4cec416-702f-4067-ba46-84088fbc0a5f,06296573-9834-4351-b450-c59f44e9741e,549.9873511173237,614,569.2578126690782,0
5f3d6f77-b12b-4b81-abdf-ff83087fc170,1c45220d-300c-42a8-97f1-d9243eb84942,626.5196730301741,614,626.6578795680854,0
f342ff9f-bddc-4377-a41d-f261fbe1e2b3,dacd62ac-e4df-4568-b890-c363f0e6040d,675.0019541529069,774,592.7467787978526,0
5dae092a-3541-49ee-8878-be9f8b6b7be8,e02db8e4-0a42-4972-b9b3-073e8754caa3,519.2205196307482,532,553.2539137132333,1
7097b0e5-d11c-40de-9c85-843177d5b706,9b77abfa-da0d-4cdf-9565-d3873fdecbf8,560.5133921992586,547,603.5024336802337,0
693fafe4-fab0-422e-92d4-9682323cecdc,6c56852b-ba92-4f1e-a771-147a6b26d7b9,776.7803736950362,761,701.4966844971464,0
e100d6ff-713b-4aa3-8c60-647751f8951b,f11b627d-0f1c-477f-839f-1db4d7eab5ce,534.4160488787414,521,603.5024336802337,1
e2bd3b79-a9c4-4d08-bbeb-566635ae2851,840a72fe-efa3-463e-b82d-2ebf7f511ed9,552.8445423802189,528,556.0098083477002,0
ea8eed71-3343-4b19-805c-108335e5f50c,ccb274c0-ad69-4761-8e11-e2118b0ed92a,537.1440384115036,482,556.0098083477002,0
b2a1f23c-3cd8-41e8-a0f0-f1f1aedcf4a2,9ec03618-156c-40f0-9911-99b8c335ffc1,429.6906900704231,530,594.141987400798,1
fdd42381-93e9-45aa-a894-54b77a88e968,7e430af9-c856-437b-b988-dd67dc0a0488,492.1309765942594,576,523.8615128108473,1
2b36c93f-7962-43a0-9976-e6795fb5fd25,a7de6324-b385-4f83-ab7f-3007780a5a76,430.79418392940215,476,521.221262634408,1
41c46b53-5d40-4d8b-a342-3e44b2de6312,c43bcf36-894a-494f-bc84-7636debe3339,550.8600006109564,599,504.9344191285017,0
0a57fa4f-7b07-45ab-889c-1768b0d43990,ac4eddd9-9161-411e-aa35-c5d64a49e5da,549.6474228519943,554,557.96868351906,1
78e60175-d0e4-49f9-bc4f-70893a33a9e5,3a41852f-7097-4fbc-b27e-242889d86bb5,546.3107286317021,516,582.0993425912623,1
7c3e3779-5fc6-436e-882f-665620cf5592,a6c0e21c-a2be-4bf0-b50f-ec32e7d1a8af,549.9873511173237,650,569.2578126690782,0
48c9488f-aec1-4c21-a8d9-fa561a0a7e36,34cc1e33-14af-4386-b873-8a3e04fed01e,617.1272768920414,591,728.4488557873542,0
6c10ac61-4d9e-493b-b48e-372dfccd81a6,3bffb595-99ba-4a0f-adaf-bb94e2ca9250,620.4504295504727,743,604.7810255286603,0
db7b906e-9e15-45df-a02b-37e6a1ce8824,848b8ed0-5b9d-48d9-8ced-4befd7665d7f,648.6434664459406,529,581.6510627823709,1
cba5ee91-7db3-4997-bad4-f3adca75131e,13f81642-6ecb-48df-9594-4a8f3d23b40f,577.4472647775639,560,515.3551723680097,0
3773df64-0c64-4051-bccc-5ca007c7e165,9ff9f3bd-5620-4bdd-bc25-557d9e418fc7,789.8545307662027,760,830.4111754862458,0
372438e4-30d7-4433-98d3-b49390fed259,04b5b227-c465-4ae9-9164-d4e59ec13547,592.4986596068426,586,545.2646038998188,0
02fe0ef7-6ddd-4885-aada-e9851fc9f20e,9c89370c-8772-4725-bdfa-1ed398d12221,800.2624445984995,635,668.9978773926932,0
110426da-ad47-4cfe-a0ff-76fddf230a8f,5f44b4c9-91be-4a57-8d8c-edf2bd49a110,637.0628711580131,802,612.7651117183781,0
11ec4c64-662e-420b-a7a8-ab59bd7764d5,56cdd3a6-1641-4724-b82a-c9f46068f63d,613.9467356889555,614,616.7504380016117,0
14951e15-c645-4500-a046-3142e7e99ea7,5f150424-1428-43ca-9695-c54e9c22af73,534.4160488787414,489,606.1844598719135,0
1561d8cf-8ed4-44f9-8880-34c51392b63c,81d5c3f6-df9d-4320-82a0-d582382c7d68,588.6804429571108,558,587.5986751357603,0
748ddb34-ca20-4616-8ed1-b0d7bed0387d,4ea3d907-4df7-45c2-a44e-d271bd8a84ef,804.0312081961437,761,691.5892429306726,0
5945df9b-225a-44f4-8630-fa0fc88e713f,11f13b1c-eb3b-43bb-a308-273c3c6fe484,561.699983820605,499,626.6325687649434,0
20ac416b-493e-4113-acb2-c4ff3835a814,341b3d92-de87-44e4-bc44-392414e797a7,573.4002716681908,750,607.5369201631272,0
556ee685-3bb9-41bc-8ce2-d696a0395ddc,c0c5c525-56b5-434f-a2fa-300bbaa13b4c,521.8638671225837,515,514.1264828268872,1
c0984cd7-e009-4ef7-8425-2880a3aa4390,006e35b3-e86e-40e6-98e1-f4abafc54600,649.9749183444035,558,592.7467787978526,0
48897f91-1c4f-4d4c-8e97-8b463fae9510,cab150d3-7c94-4a58-9871-4341f1b7276d,633.345333336067,539,591.3860927663311,0
97d4a91d-9bc2-4549-a891-997d325a23b2,fd21b19d-2e54-4c9a-a093-b678ad458b32,700.4530401202564,691,568.5982435089138,0
3f059440-fa0d-401c-95bc-27992cfc4357,d86af2ca-b960-4b38-a629-5b5b7b6505f3,555.4363484355289,546,591.3860927663311,1
1e299887-1d80-4a7a-9500-62329ea0cc17,c75e9eeb-9de8-4e35-95f7-53ce8c6a2619,562.5602884585422,627,638.6750412360587,0
830bb334-3fba-4de7-9124-cb6de0cef4b3,4ec68fdc-8a7e-4b20-adf8-74b5be15ea79,588.6804429571108,678,610.8656308722599,0
5934fe75-c91c-4b54-bfb7-e35b20201190,9dd0d1e1-b147-4f8d-9a70-744bb76c2bfa,776.7803736950362,520,861.7217081416909,0
f986051f-cfec-4f27-818a-423f4e91d5fe,76da5355-a92b-4d77-b4aa-3d065c45556e,724.3454636285205,683,592.2184344177555,0
b2b2a34e-7add-4180-b4a4-a19a36a8ca65,df196e73-93d4-4164-b583-fe87df1028dd,739.0818320188121,768,614.149869886824,0
414f9e5f-3cca-4825-8a40-682b78be841a,7d465dcb-7949-4cb4-9048-7d2e1db8af76,573.4002716681908,506,612.7651117183781,0
94854f80-ad9a-4933-a4c0-b133885ba010,b2d5121d-4130-4ed9-9580-065763b1a81e,687.6097274144364,766,614.149869886824,0
f7652895-75f3-42a8-976d-626550e62af2,4a8efc80-aa9c-453b-9a7d-07a54fc96777,549.9873511173237,794,524.8716872747686,0
ca6282c5-0e8d-4b12-9520-c39d10a33ac8,bf7ab0bf-0158-41ce-b0f3-5135d1f33900,613.9467356889555,563,622.6725532848518,0
a9140fd6-1994-44c3-88c0-48aec993fc03,a6c8d4d7-2e87-43b3-b7ea-066f2a1ff402,700.1084427615908,744,714.9239151367077,0
a1d615e3-2875-47aa-b790-5a495cb47f1b,64f44833-7876-40ac-bb60-9f01014177a8,626.5196730301741,802,612.7651117183781,0
641197e4-e139-49b1-8324-2f4a993bc689,0032b8f3-5f27-4c9a-82a6-9ccf6e25b915,629.2269069778755,614,583.022199248392,0
f71225dd-29ca-4c2c-9bdc-5cae5bfa805a,d77f15ac-e39f-49d6-90aa-dcc2865827b4,549.9873511173237,649,538.5106182558613,0
b4e5d20d-8c95-4068-b010-a084db92074e,7e2d1e75-9781-41a3-a3d7-6ce11e412b0c,794.1702484446818,615,538.5106182558613,0
efa79df5-f6e7-4ea4-96d5-3078de489e08,0cd7c61f-306b-435e-b874-54776a7d2a07,636.070529104722,743,650.2896124156662,0
f17a0a0f-bb50-4621-be8d-6e5bf6498baa,cc3e99c0-3afd-4a22-93b3-52f4c6a32cc1,560.8273343269723,774,593.7674036962734,0
fae1ecdf-9393-4b87-bd48-2614288f1df9,1b3d489b-b5d3-4c3b-b0f1-5512819a9925,562.5602884585422,649,513.4571025265295,0
d9f1ffe7-f652-45ec-bdd6-5d530cf6a24a,588d7169-4d5c-4725-bc69-3e6d5e32d394,687.0609226414289,499,701.4966844971464,0
b5199123-8add-4e55-811b-6d44ccac3dfe,b891a9bd-216e-4e07-8e11-c4e37e2c7070,573.4002716681908,547,647.187274199587,0
6c40cce7-434d-4f06-8823-dde976f76452,8cf26f6c-7a8d-4951-aed6-7cf229ce1cbe,685.154332189545,787,859.6033377285544,1
a767d08b-86a8-4ad3-b750-db4150ab76b4,2e0b55f2-f28c-490c-8ed5-d5ffdeddc5e5,663.6744118077698,597,626.6325687649434,0
337c1eeb-8e90-496a-ac20-17b28950a86e,cb801d9c-5c30-411f-93e1-498844cac53e,562.5602884585422,592,588.9002842195122,0
142b839a-2294-4fe4-be71-cefe4f93a7e8,799d674e-be10-4515-9dd3-63fac3a51bb5,723.9900327376267,739,670.1861518417013,0
db0a2d06-9964-429d-80b2-1cd53026d9ec,e3f7469e-553f-4348-a4e5-6103b608bebf,573.4002716681908,575,603.5024336802337,0
a2317f88-325b-43ee-9423-6c711856555b,01e38425-5486-4c95-b6b0-de5c57319255,641.7998443190941,634,594.141987400798,0
d32f812a-a2a7-4524-aabb-07ea38426f9b,602a1861-af53-470c-a95c-9a557c8f12f3,679.4421422321783,649,538.5106182558613,0
082ee006-bb14-4255-850d-07d305b81f8b,d7d433e3-d7d1-46d1-8ca6-fa0c9c88082f,636.2993055643634,593,626.6325687649434,0
4923cb63-41a8-425d-a587-749ec31c75a7,cc782aae-49a6-4939-b5cc-6ce1a227fa8b,729.7250956036124,829,612.7651117183781,0
1d2b1122-3334-4368-9ce7-f2ff18edf438,69737d47-8c6d-4f74-bf21-2deccb51a0d0,611.042569581275,566,560.0442948305938,0
7c6258eb-bc25-4aac-a977-d37a286fcdbe,fbd47337-6b5d-4848-98af-f317a1cd8951,599.4301299936853,640,658.6829237220848,0
7e7cc60a-9c38-4a36-b27c-8c03faec4ce8,22ee0544-d593-4447-886a-38333347535a,496.8679497553404,455,521.221262634408,1
3a029cbf-c6af-4675-a9e0-519cd5836855,85eb1993-5b41-4180-b84c-86d3e31363b1,671.4569066318837,510,593.7674036962734,1
0c8171d6-7f1b-44cf-9ff9-b12429691dcb,2e4e5f97-537b-499d-923f-b57919a0cead,740.7291287764197,750,612.7651117183781,0
252c9a3f-338f-43fc-893f-87e4c8184e8c,166d62fb-70ed-4214-8a75-1223dfbbd06e,648.8542810846284,616,567.6932630685208,0
f5cbfd04-4071-4ef3-8064-bfd5da6dd0e4,a924f080-ce71-4358-aa54-6c66f44660a0,549.9873511173237,670,480.5666266547176,1
5b8b899d-6d8a-4230-a718-ea603ec07ef1,195a5fe0-f526-4ec4-919d-a324d1ddd5cd,626.5196730301741,649,592.7572292323522,1
76bb78a7-9cda-468c-a8d0-b10ad0882273,165d1bd8-ff66-4f69-ab36-e69e9324ae8f,738.9679692112068,599,848.8506503546377,0
a95f2cd7-d227-4277-85a7-9c72302a7f98,7013dc3a-9811-435c-85c6-6e67d8bac172,613.9467356889555,649,567.7037135030203,0
c7069e30-700e-4aed-841a-a1ad72077847,35293bb4-53d3-4bbb-8a2e-5b8118165c91,737.2860605915735,649,622.6725532848518,0
343689a9-ad76-4d1d-a705-50d669e5c224,07f2c83c-37ec-49cb-94fe-5c4eb1c76466,728.3292110135637,816,690.2181064646516,0
38eb8694-5970-4aac-af37-9c83d5a27521,5c108645-0de4-4226-ae93-e53cbc2e7551,585.2373747722645,601,640.9291661362306,0
cb4f5fb2-1028-472a-b519-d148cb05a099,4fd94ecf-2b7b-4d03-9e3d-6ceb73a63c4d,626.5196730301741,615,622.6725532848518,0
6d0591df-4cbb-4a04-878d-298d348c3773,db0736b3-2327-44c8-8bb3-8f7becf0566d,626.5196730301741,768,658.6829237220848,0
e8bdcd0b-7f49-4fac-b60b-f672d6f5d784,41ae18c6-81f4-4395-95f6-cf2a820f1953,638.3567761342478,649,570.6425708375241,0
2c43fcbe-0e14-458e-8b7c-5381399974ab,decc0162-3ec8-49ce-9054-4f94c04423b4,678.9545830966898,752,718.3685391800792,0
420bb9d6-c156-4e29-8060-420fa8753e7f,2c5dbbbc-327b-48ac-a737-73dc0c2a4d26,790.7271802598354,752,705.4820107803799,0
588127e8-c54e-42d0-955a-a22e64207a2f,4bbe29b6-f631-4146-829c-880d71809e26,647.5677039434664,649,622.6725532848518,0
22402e21-238f-4eaf-93af-eae8ca42e0f0,5b483c71-1e37-4d5b-a3cc-b220a54cb485,521.6641411984974,530,555.2127888845931,0
a48f0eba-b582-45d9-9878-718f29d19a28,a20282b3-5a3f-4aca-b707-277e93add42e,574.5460902905322,592,588.9002842195122,0
89f5c3f5-4413-439e-8c6f-aad3de2c5e04,3c88dddb-e1c4-4cbe-8c41-f15e02df751d,642.6724938127268,649,538.5106182558613,0
d6590033-7817-455d-812c-aadcc790d4d4,6f1c9272-edfc-4a46-a5c2-8a8044b349d2,667.3878553572176,614,735.224923250366,0
a5119ffd-618d-4ab6-ad55-cbb6b12b24e6,1430bcf7-0f88-45b3-91ff-6f32c3096670,679.9607926984362,615,671.7537720271603,0
bd20e74b-0077-4d2a-8326-f0686f335c7e,d54d952f-7fac-4e38-a5b5-fec065fa3e44,577.8404597474622,600,538.5106182558613,0
f4d7772a-7edd-457f-8bef-98d9791f9fd8,a897a729-5f27-43e3-83d4-9002f95b2cf5,588.6804429571108,492,658.6829237220848,1
695c0b1b-5f0c-46e7-8726-ad5d98b5ab5e,0d8e45d9-503b-4b6c-a3f6-b7bf1dcace36,556.5398422945079,745,606.1227442062019,0
5bcb2bc1-f86e-425f-8c3f-f108d2382de8,f8c04dba-7f55-4f50-90c0-ee619f750e27,750.9189351228858,773,707.6367840962023,0
5df47238-97e8-4a85-bcbe-6a3a7bbabb0c,b1fa9794-bf93-4e9d-ab4e-4201fd409cc4,638.3567761342478,649,538.5106182558613,0
b1ad8164-0359-43cc-a133-81ca7da7029f,ef6e3716-657c-4633-88a9-5ad88bb9f315,590.2924903090419,567,576.8276266375699,1
e4aa7664-5466-4b74-a1e3-90af2ddee5a2,20e9d591-9253-462b-9a28-51d275f40d96,613.9467356889555,610,638.6750412360587,0
ef9087a2-09cd-4517-a5ab-f0099b083a41,0120dbf5-bca5-45f3-83b9-238f89109849,779.118853615403,688,670.1861518417013,0
9ef309c7-df39-4aa5-b7fb-ab4d476c1eee,90360df2-74c8-404b-8dad-26f7e8607479,626.5196730301741,691,605.2294776759719,0
18afc93d-df74-4305-a6c1-b24ad9b92052,2463b31c-1c52-4acf-8274-768f984bd70f,639.7352691854036,768,566.3085049000748,1
491e521b-c21d-4a88-b87c-d6a5c997f388,850c08c8-3091-4b30-a952-6867b712bb9c,621.7826998690931,616,594.141987400798,0
812e5910-703c-490d-bc58-da35d01a3aff,6694ee90-48bc-42df-a8f4-fe1765051db8,549.9873511173237,621,545.2646038998188,0
4a45215c-7702-4906-a879-c0e754bf0894,618a846f-2803-4495-9ff0-d83d0f9ab94a,750.9118068341604,576,829.0504894547244,1
8f4621ed-fa82-43ed-8dc5-b360465539e0,39d1d7a3-2f67-40a4-93e8-91929168893e,534.4160488787414,545,616.8975387809832,0
3e1a01ca-5f0b-473b-aaff-c1fd91c23498,2cac1b48-570a-41bd-818a-5264c3a54219,524.9914337500804,524,546.6493620682646,0
0284d4c7-fc93-4491-bf93-fbacd0de6dc2,efd9c5ea-1e87-4c17-bd04-20336031245c,573.4002716681908,581,545.2646038998188,0
5cd7cf30-506f-4a77-8211-fb2bfef0d5ba,6ca1d0ea-08f5-43ae-a54b-d07de1ec4711,728.1213555148902,802,583.022199248392,0
e3ce2bc7-90e0-4d34-9731-6986eb1611ba,96604fc6-7ba3-407a-bd6d-b9cedbf8b476,641.7998443190941,757,747.9366196335908,0
ba712ee1-8004-4bdb-a157-648423c6ea4b,9fa33273-54c9-46b9-bbda-3c4bf8dd28e9,638.3567761342478,649,622.6725532848518,0
e4dd6eb7-b692-4af3-bf75-93e7fc6554b2,d9809006-eba4-4d49-adc6-e672d52bd1dc,577.8404597474622,614,538.5106182558613,0
4d6d762c-6dd0-4be8-9b5f-3aff2a14621d,fb728adc-b16d-41f5-9358-0d46e0dd03a5,728.6718502808103,737,680.9313562895827,0
802dde92-c6e8-4c9e-b828-7346c156a216,e480cf1a-6e15-483e-b606-cb7ebba436d6,641.7998443190941,802,612.7651117183781,0
a8aac8dd-130b-4293-9112-0eeb899b9f8f,c870a8da-e9bf-4462-849e-98441590d13a,626.5196730301741,765,622.6725532848518,0
1822b821-7e7b-42c4-951b-8b77ca318a44,e7a3db7d-096a-437e-8516-6b47ec84ef21,647.5399725869614,649,623.2287261373599,0
198701df-8a5d-4c7a-a4bf-a42f67bd965f,5c53265f-e789-4256-b109-d6e541b9f776,586.8571926524668,550,558.6918345393801,1
bd4edac1-d549-4ade-8d25-973b63e337e6,918a4504-ec11-414d-a37c-d0aade83ef07,538.1779793697548,496,579.8086709775728,0
07571fcb-ba17-4e0a-a927-b4a4e81aa5fe,ad3fcab4-ad92-4eac-9476-241062d54677,691.7978958025099,802,538.5106182558613,0
4a989013-dcd7-49cd-814b-a505b30a327e,aa7a355b-3b67-45d5-acc5-befa1195727b,626.841391336453,769,705.016473570234,0
4ba0e35a-bbb1-454f-aedd-f89925ea9115,775346a4-2023-456e-9c6c-8d5f690bbe25,566.1053359795653,621,538.5106182558613,0
b90635e5-3baf-4009-b294-fd33cf12cf1f,ecf1c4f6-4f22-4e02-b3cd-014b0d2d995a,752.8879501867722,745,538.3382066733479,1
b1d09bbc-5cd0-42e9-8abb-1acbbc31901f,e2a3d9c8-3b7e-4690-8ce0-cb8e6c4aba5f,691.7978958025099,565,640.0851102076467,0
8bbfde21-6391-4ee1-9eff-2d87778e29d9,2ea937d3-2e17-48a4-bced-29c8a229891f,573.4002716681908,559,611.0462681950813,1
1a8d2300-a6e5-46d1-8df1-33a1c94a0a8a,bb1cfdb3-5f24-43cc-aa89-da871d3c4484,658.7223691248156,767,685.1810026667215,0
3af11a17-c8b0-46ea-8508-1406cdc7963b,2bc79eef-d410-4197-81ac-8204b34a2e52,562.5602884585422,549,536.9143320843044,1
f73773fa-8268-4e6f-8a2a-9819e792f48f,2534722f-448d-4306-9b6d-59b4d50f676a,641.7998443190941,649,612.7651117183781,0
fb917bc0-6e41-4ce6-9b64-046edd3bf870,51b167e8-53a9-4ae8-97c9-189302bd6eec,546.3107286317021,593,571.3541381433809,0
f7e7e6cd-0be7-44d6-9ca0-c0ecdb9e6be1,126cda86-4613-4041-8d42-4de0ee161810,691.7978958025099,649,701.4966844971464,0
fb68cd4e-9506-4668-9381-d08bfea82317,48989eae-5001-404d-9100-f0576477f1a9,640.6963504601149,649,622.6725532848518,1
6688e84e-617f-4103-a09b-71b4ce8ee572,6d84632e-2f73-4f2e-8f1c-87092bbdc37c,700.9631304342699,768,691.5892429306726,0
e03b4099-03aa-4035-a8a6-12ce34d5a712,592833a6-bfd3-42d2-8307-8d2b89a30fbc,626.5196730301741,586,761.4944858404249,0
c89a8645-24ed-4b6d-acd4-714972123832,cabb7b0f-a5a0-4547-9f3a-f7576f22510c,549.9873511173237,569,535.5295739158586,0
f37698c6-17c9-4338-9de0-9a183e105468,f1803d19-811b-431b-bc92-b8835b9c2edb,496.637105389994,451,521.221262634408,1
6018289d-88c6-4a0a-968f-86b3067f7b6a,fff4d5ef-51fb-4980-9779-6f152d590a7c,641.7998443190941,620,617.2719501470874,1
e05bd07e-1c16-4186-81fc-1d22d6e4d7f8,a7a23976-6c1d-44b5-8743-987ddf88c13a,678.857298839457,829,638.5519842659048,0
a077a2e6-56ae-4eee-9a3f-e6e98ee13fea,dadc5d6a-833d-4375-a0c4-3e88309b7092,573.4002716681908,556,603.5024336802337,0
ad6261fb-477f-4502-8d32-6509c31fed3d,12d2605b-ec27-4099-82c9-04cc6642bffa,675.0019541529069,593,612.7651117183781,1
c1984fba-d58f-4cdc-a51c-df1dbad70adc,7c965965-ca7f-4709-8d2b-d33d71bd570d,698.894377661171,739,731.5791617879254,0
592c46e1-bfcc-43d2-8459-12602aa3f373,e7c7eeb1-dfe8-4dab-a62c-db2518a01142,546.3107286317021,558,582.0993425912623,0
a29f50d5-e8be-4350-8608-eddb27b5a1e3,b4a9a813-ffe6-4ea4-97b2-4e80cf18cdd5,510.3135365901916,546,528.2003979839014,0
acfea886-876f-48d8-afa8-8b8048548536,9b5d9389-5f83-4e7f-9e75-d811f01b28a5,574.2729211618234,576,569.9830016773598,0
c0355d58-859e-4ce2-b4e3-d9ad71842ca8,6225c515-9d91-4024-a66b-cc4bb7189db1,748.8945299282177,768,710.3926787306691,0
cecab34a-1fd0-49ab-8c90-4186f992ef06,15a7ac02-9bb4-44f2-850c-8f1d1d5d9805,585.1311698084616,759,612.2263169037814,0
2c90f925-350f-4080-866e-3c348e9e18a0,71f1fd86-e986-43a4-bfa6-91e04ea55761,640.6963504601149,559,594.141987400798,0
115a4f13-2603-42f4-83cd-e03d398efbdf,362490bf-a4a8-4a23-aaf9-8a750d987c8d,619.4164885922214,626,580.2663046139251,0
1e113f86-c7e9-4ab6-b92b-d0f85267773f,28cab210-fc90-4bc1-acc9-c94a80444032,585.2373747722645,545,546.3006224140489,1
49770532-8062-410a-9d0b-4f72fdeb60cd,a3f250ed-510b-4951-a6f8-559e01c52b3a,599.4301299936853,643,536.5655924300887,0
8473dc6e-2e1f-4b63-99e2-1f4ceb482659,af96f22a-9547-4846-a978-28f251471187,648.625504624987,583,770.0974200766657,0
847daccf-5011-44c9-a71b-83267581f92a,1888c110-974e-4fa0-8d85-6848857700de,573.4002716681908,552,579.7357355396362,1
3aeb5029-47dc-4e3e-abc5-44bd60bc03c7,2a9f748a-f007-443a-89be-8ea2f9715f3b,584.4813268178503,594,513.4571025265295,1
0460f54d-29bb-4d98-8edf-29055af593ee,7ed86da6-5ea9-4bac-8597-7ec0db6534bd,613.9467356889555,615,592.7572292323522,0
7307d6c7-73c9-49fb-8c04-3f65cf32a77f,6eadb488-61da-405e-9943-ba5efd33b619,573.4002716681908,506,593.7674036962734,1
7ffa47ea-2095-417e-8dba-abf9cc6baf1a,3f3f40c1-71fd-4367-a287-bdfc8473c2ab,626.5196730301741,649,582.0993425912623,1
dbcd200f-6db6-475a-aff5-a85e85ab5b97,8b609cd5-eda6-451e-b8f8-ff8edeee9897,595.5240650839573,730,564.9478188685533,0
04390e72-e7d9-4d31-adad-2884f9b3da5c,4f25ef87-4423-42ef-a81c-52b988775ea0,621.7686899833184,592,692.9740010991186,0
066ed036-304f-45ed-ba52-cdf85e42d739,8cec4b5a-32b7-4994-9c23-332512af15aa,522.7365166162164,516,576.4093596010849,0
57b55b19-d1b8-4df8-95d2-e6c4e624c513,fd9bc424-8c40-481e-97dd-2e9a62e983a8,523.7704575744676,650,528.6031766893876,0
2562b387-f78b-4f49-8f80-159b35f8956f,22519f11-362f-45ca-abd7-9bfdb4c24898,609.7007425138981,563,605.2294776759719,0
72d4508b-9ab9-40ef-b9f3-a7a0ea11f5c4,7c28649d-c647-4087-8bd5-b4ac143935b9,482.3513440600702,482,593.7674036962734,1
ae56317d-38fb-417a-9c1e-3adaf3805d32,f46b329c-ba66-431f-95ce-3f9cb6388936,518.922190270379,591,569.4049134484496,0
3f8c8a15-c2c5-4a88-9b31-1f19fd145c51,7c1f8a8e-23be-497a-96ef-802a73d42067,574.7835425604807,620,546.27477836374,0
b95eb639-22d3-4e4e-8100-bd1f96e9d2cc,17d3dc38-7bf9-4e64-9b65-87e17cd49362,565.2675224062436,625,533.9373369583711,0
0631219b-a7e0-4e87-8bd8-63ca2148dbc9,6f2f83e3-d493-4fd1-ab68-cb51be2d2170,756.7662837399953,802,592.9296408148657,0
fe11ecb2-546b-4401-99f2-f83593233b7e,116c1ad7-12f9-4cbd-ab15-67e5360fa45f,711.6198504528667,802,622.6725532848518,0
050b470d-9a51-4151-ba0b-6cf7f70a1cd7,7d0df7bf-bbef-4356-a1c7-914f44052ac7,550.8600006109564,621,548.2456482398215,0
8cea3762-8897-4d40-85d9-c675baf6df89,23e63ed3-23c0-430d-b103-488009cfd748,691.0739450367934,769,830.4111754862458,0
37a5d52b-6c88-469f-96ff-27cf01e22076,610af1a8-74bd-432e-b668-a401129b2cc5,613.9467356889555,614,630.177668641173,0
b6f8a2d7-fbed-4cab-85f2-6bd0a550b07a,f333df2b-e193-486f-a573-a36d2235288e,629.2269069778755,615,658.6829237220848,0
8660d541-b1eb-49a1-b52f-cdbc4a202b9f,94e2b31e-5ce1-4a51-943e-74c004e60c88,577.6096153821157,655,548.2456482398215,0
12c10b25-8ebf-4c93-ace5-9bbf113169d2,5f9b6b53-8a52-4583-aa8b-a260b7a7f8d5,707.0780670914298,802,701.4966844971464,0
59781a47-f801-454e-b350-3cff366284de,0a7979ef-951f-45fb-a1b9-7998e350863f,667.3878553572176,614,701.4966844971464,0
bd6f8f8c-5df1-48dd-bc88-1b40b83ee3be,d76fd750-2ddd-413b-bda9-932d7efb0e91,571.3066459989453,736,567.8761250855338,0
fe579c7b-f337-4b0c-8092-42779781f730,34feb35d-b197-4237-bdee-b14e3eb04b3c,549.465375802315,542,543.518883729273,1
b00f6ef2-dd33-4119-a43d-5ac71dfae69b,ad802137-54e2-47d3-a98d-6686cd6221c5,663.6744118077698,597,683.6133824812626,0
b0220863-70a0-436f-bd79-7ca2cf68d711,23e3f1dc-5cab-43b4-95f7-85045e67da31,613.9467356889555,606,546.27477836374,0
b026d81d-7891-4429-947c-257a7e500867,d68eb423-21bc-4c23-a728-46cda76c9e8a,573.4002716681908,636,752.9822528768968,0
bbd345ad-3fe9-4a64-b95d-92cea89d1c87,189546ea-f958-42c9-86c3-79ed8d255d61,512.1481210442604,516,487.5457620042108,1
be54c4a5-ed47-4be2-9bc6-3342bc8c5720,1dbc6db8-1bad-43e0-a067-775d05819ed0,648.872242905582,621,510.4760581865266,1
c9fe6602-0870-48f2-b777-e766c64effbe,51259253-e96a-4181-b542-403a32f094f0,534.4437802352463,708,587.7115959890463,0
3974aacd-1241-4994-946a-696d82116f91,5eb9a81b-caaf-463f-8160-b95681a106e0,549.9873511173237,584,539.3483811372691,0
524ecef7-72a4-430a-bc79-96a5dd8e5ddc,869bd67b-508d-4b29-8c36-475f0e684428,648.6434664459406,591,658.6829237220848,0
763d84c7-dc5c-45ed-873f-5206231aec57,2e986b9d-0790-4372-8e52-00cfa6162b73,722.7468239820134,606,857.1904717356524,0
8519d5ad-920f-466a-8383-614761e46ece,700ee299-8695-4d3e-852d-401051001e39,485.2873544674129,481,471.206180375282,0
df0c11bb-8adc-480c-8a34-9f477b56692b,efd201f2-7bbc-4357-b7b5-5e3c80e7ae38,725.4489574874997,670,583.022199248392,0
ab3b43a2-8e25-4d45-b9d0-22433dbd0651,ca5b0ac6-fb09-4e28-bd2a-8a64f6cbfc63,565.2675224062436,542,539.8953764243073,1
b5f1af5b-c678-4680-8189-a33d2b70c9e2,7292e992-525e-49ce-ba84-2c315780b6aa,700.4530401202564,566,555.2127888845931,0
c3eb1ebd-7ad6-4df2-a513-8000686a58c9,efacb647-bd7e-413c-8253-329fc2aa7316,614.9390777422466,649,601.2694621958805,0
2be73586-c944-40a6-8e35-b5117694f95c,62a589ed-1ef8-4d3b-8edf-f8c527ac1e13,550.7509167109735,561,772.9901353629227,0
42a374fb-8345-461d-9903-1a11d6b91f58,ce356df6-6386-4070-b310-239fe02d8a22,496.8679497553404,566,548.9568045554198,0
1dc35dc2-5ea3-439c-8c3b-111f5683355a,06b877d9-095e-4941-a84a-138be64b3d58,588.6804429571108,544,748.8311496394844,0
81aaf0cf-b642-438b-a388-93529129773c,4434d8b0-6d31-4d9d-9ff5-fa27a4609dbd,638.6784944405266,735,878.5935628246239,0
829a6684-2f44-465b-a829-7c9de32d3b93,cf50a9fd-da14-4760-b35a-a60a2f918b1f,607.7317274500117,735,743.2472228929365,0
052e05a1-48bc-49e8-ba2e-c33eb37c3644,46b61438-17c1-4aa4-98e4-c2482830cf74,519.2205196307482,484,532.7736792813917,1
07e01f40-754b-4cf0-a889-29235f201589,64dc4862-f9ad-4bea-99cd-67831ec7e58a,550.8600006109564,597,556.0098083477002,0
184e16a3-02e5-4505-9981-1a423e70a150,7a3a1439-d4ce-4144-9124-0185198b9afd,724.5424855949659,725,857.1904717356524,0
8013d778-43dd-4c54-bb0d-bb728ef293f2,81c56011-e339-48ed-8ae1-51734e614f56,743.4015268038102,766,623.5103161662596,0
aa6dc68e-9052-4272-bb99-6eaeba5e1efc,8062fd4d-af64-4180-8b66-4a5df866605f,549.9873511173237,649,558.6918345393801,0
43775c9b-228d-4ddb-b962-44193c1cc9a6,298e0c78-0169-424b-b259-369194fdabcb,553.5323986383469,649,546.27477836374,1
ba676f36-5ba9-4675-aca9-5dbe99aa6c6c,5b3a57e7-5ecb-480e-936b-ec86f9325595,712.8760201462811,807,635.9191466015918,0
17c27eb2-19a3-471d-b1ee-7e6f9e87f163,aec66984-35fe-4b5f-9bf5-e4e0e085331d,613.9785799886178,562,558.9908526877031,0
4ce95b23-ddf3-417b-8548-2cfeee0a0793,67b5d35f-c0a2-47a0-9876-6fa0972444f8,641.7998443190941,614,592.7572292323522,0
4fdc1ca2-0faf-4257-b860-7b53337b6ba3,dc2ce58e-ec42-4ab2-b2e9-e6659958bda8,641.7998443190941,649,614.149869886824,0
1482ebd7-0309-4c42-9f0b-1e7493217f6e,066ef2fc-8f33-4cd8-9e67-64239b9af705,522.8978080808348,600,542.0304073289491,0
24218e12-b378-4d17-8794-9437f78126c5,5af3e701-e365-4fd0-9f39-6f38b2809529,728.3501319745315,669,603.5024336802337,0
f0ec807d-5816-4703-a113-adf8ef7a2976,43df34fa-654a-4493-b80c-d71ab8e24db9,695.2409639873562,802,612.7651117183781,1
9d39eda4-053d-4344-abe1-28af62fd6e0c,81d44e1c-5fc1-4ae2-80cb-0cf0a71987df,626.841391336453,645,667.2225356211217,0
51661ae1-9374-4fcf-9985-990292378faf,4d5a26e7-97a6-41d7-991a-06df1475de65,581.3855072684854,614,601.5790530356114,0
3b3718e1-b707-4d46-9859-4a71e128f893,b5e9b45a-67ad-402d-b7fc-8fa4d0f61110,626.5196730301741,614,622.6725532848518,0
88cf8cdf-e396-4c66-9565-3e440511d9cb,62fdd58a-70ec-4f20-8d0d-6916aceea07c,638.3567761342478,621,626.6578795680854,1
525c55f1-9819-4cf5-94fe-6fa13eab2289,3efc53a1-5161-4a9a-8b6d-a37c55897950,617.6765764454835,540,538.5106182558613,0
95bf72af-d94d-48aa-97da-0ae12b2b5cba,337794ed-fd01-4df6-b6c9-3553f1a84aee,667.3878553572176,614,695.5745692139062,0
69b1a76e-be39-44f5-bcde-fb710b6f1556,a97237da-ec1d-47c5-a1d0-31a485f903aa,626.5196730301741,615,583.022199248392,1
f940be86-fc16-4e0a-8405-a764705db0ed,1cc4961b-8e94-468d-9d16-b17454b4cc5b,599.6942716510772,759,783.3435499351181,0
60a693b6-0dc9-4885-8e37-c229fe1ad1c1,faf4f14c-3b82-4423-baf7-65f22e82000d,572.0583467918257,512,520.2110881704868,1
d783d024-97a1-4061-b65d-a4cb7b8d5531,8e470dd1-a1d9-4f72-b2b6-8c82b31dcad8,760.6275529124837,642,827.6552808517789,0
9d94c8a8-6f68-4893-b5df-b0d383d97960,fe03c76f-ffc3-44c3-bd0b-ed0dbe33b175,626.5196730301741,513,605.2294776759719,1
c63d4322-7a19-4223-92d6-eb6da7270e5f,db5ee797-800e-4708-9cc8-c6400c6f3ca0,640.6963504601149,527,572.7388963118267,0
1c8dc5fa-c1b6-44af-96f2-f13e553038a2,c17194d5-c3d8-4a83-9103-428ab2103ecf,573.4280030246957,541,772.9901353629227,1
e7d91dd2-85dd-4414-9cd4-1430f1e5707f,93ba54d5-f00d-41a8-bffc-d3197eb1f12d,671.2260622665373,601,770.0974200766657,0
c0c05166-4c30-4199-8721-354a4935ef84,57586ecf-ee91-404c-b562-ca6c0e8b58e8,470.2258199417631,533,556.0098083477002,1
c2e9572a-e64d-4fb6-90cc-fedb62d405dd,c3902c4e-1ba8-4d37-9bd7-6e2e008c9318,577.0971368924999,697,589.9908841633857,1
25736eec-c1db-496b-888a-ff20c6b37bf4,e00e0955-d0ac-4847-a33c-28dee3380f29,595.7528415435986,547,617.2719501470874,0
2a1b23f9-6711-48c8-aabb-f14331800f73,d2b1c8c9-7996-42fe-a085-a8189ec12777,573.3889177518392,591,605.2294776759719,0
311f4464-3024-48d2-9cac-793842af2754,f38e10ec-76a1-4f48-b056-01b0cb1d92e5,458.9851529191649,582,544.3513977191178,1
391e1cbe-ba4a-4eb4-96b7-6dc19d1d8ed0,5017b557-cc30-4dd3-acc0-2f38aabc6b20,536.9443124874174,541,578.6914912850982,0
01faa048-17cc-43d5-8ae9-2d4825ca2016,6f8efe59-314f-451f-a4e7-2a0426de2d28,633.345333336067,575,579.7357355396362,1
0c2ddbc8-900e-4ee6-932c-61ea6d942c92,5e1fd09d-d2f2-4d77-8245-c21f788b4055,549.9873511173237,597,513.4317917233875,0
48cec87a-5355-4f0a-9fe7-8173d8a9b76c,3a4fe635-084d-49d6-b817-ea12fd44a41d,588.6804429571108,769,751.5870442739513,0
52937709-3eb2-4da5-b348-ddc04189ae80,6776ef19-de1f-4177-baa7-b05a11c996a4,509.44088709655887,517,556.0098083477002,0
76f200a8-06aa-49f9-94db-937fa76583f5,dc246759-4ef3-4838-8d8c-cb1d6e098841,612.3731405412886,552,568.5982435089138,0
416d0695-5f0f-4d37-88d8-53ecad0b1f5f,fe14006a-6546-43a3-a1a6-88c4993f8f3f,574.5016976214648,541,603.5024336802337,0
8664a4ed-1a92-46b9-9bfa-6eb6fac56a36,14fcfc66-6769-4bff-98c0-d76cc2cb69aa,668.1514209508673,727,830.4111754862458,0
24847a04-fdb1-411b-986a-67785732c800,ebc13cb4-14b8-4d87-af8a-4e4678b7bd9a,469.7784067188516,483,484.217051295078,0
48e11507-3e35-4aa5-8913-fa2492d2e0e2,2da6933c-f6bb-47d9-956a-6b8cca0e63d0,663.9236377348606,655,782.8975769293963,0
fd560c0d-c028-443f-a2b7-e799a8e46f6e,35d6daed-1370-46f6-ad98-dae7d16c8bd2,713.1047966059224,649,624.3202519701034,0
b21d2626-06e6-4b31-9ac2-d73950bb8baf,d0e6e7f5-a8b4-45ef-9f4e-90cda755919a,741.696124119876,788,566.3085049000748,0
e2a30927-6d9a-4782-b27e-648d3a479e80,8490f8e7-f155-49f8-8c10-0d3f7435a000,679.9607926984362,614,671.7537720271603,0
ce4bcccd-7199-491f-93e3-c9eb001063ec,ba365014-6d25-413b-b5f7-e2a7012df303,685.7355633980014,753,709.1058611419347,0
2a90cd45-550e-4863-89a2-d6486e04415e,36baaa61-cf13-4582-bad3-e515fd88cd02,543.8166525600235,562,538.5106182558613,0
e52e4e28-dd63-4a04-9259-f67102590124,e86f106b-0e70-42bb-ae6b-8b9a49479167,638.3567761342478,649,592.7572292323522,0
8f190739-5620-48a2-8fee-d0cfeefc2320,70f8fd2f-97bf-43e4-bcc6-ec169846a34a,599.4301299936853,744,592.7572292323522,0
09e787e1-9b7f-4044-8dc6-98500972edfe,513b4eed-a995-42e1-8528-fbc93cc04fcc,626.547404386679,614,600.3854833075103,0
5b590657-d9f6-4ddf-bfd9-3efca7927a42,cb3daa18-d2a7-45a8-bea8-a496a94318a6,565.2675224062436,563,565.2724863858447,0
66df8d08-dc45-4668-9ac4-ae8522b769f4,60a0765d-c18c-45ef-a51c-df4a91ef9519,587.8571685470035,736,687.7027700529634,0
728691da-cdc0-430d-bd41-c2e5067bdfe9,8f9dc190-82e4-455b-8bf5-a171ff52a188,728.1213555148902,649,545.2646038998188,0
a58d210a-19fe-46b5-9185-8f0affc9de55,16eb7ae6-d0e1-46b2-b9fc-6a9d7d287ee8,512.1481210442604,505,592.7572292323522,0
5fff8114-a365-4b65-9162-8c7ed8cd652d,32e71f8f-ff73-499f-ad6f-1a5f9cacce8b,532.3028993961404,533,553.2539137132333,0
662372e1-ab40-4a67-b555-f00552e95b56,def0b1c1-b13f-400b-9712-470e55b27ff8,685.6407123505501,598,593.7674036962734,0
69faa900-2d2d-4111-92a3-edc7a8754c7f,88c4b52c-d1df-45c0-afb4-871ad533ffb4,621.5539234094518,743,592.7572292323522,0
c1171314-f99d-40b6-bf9e-522c9d3fad5f,8a978949-b68a-49b8-81fb-15d9ff8e1131,725.4489574874997,802,702.3344473785542,0
33b3cd23-d55b-4770-b64b-24fd52c58514,d95c9a4d-0ff5-41c7-b92d-a5545baedce0,573.4002716681908,527,612.7651117183781,1
c5e2e205-0710-443f-be20-35aa28ae8a41,c88d777d-0204-4802-8b27-1181ea71211c,565.2675224062436,520,566.2822610920824,1
c8774959-7e79-4ea5-9386-c4dadfb4c086,39ccb17d-5889-4d90-812e-4062a230b6d1,524.721058385479,527,783.5351011507266,0
ce46ecba-92dd-41ab-9d9e-2e4d652ab525,c4f43747-dcd4-4842-adc1-01309e289e92,509.44088709655887,480,545.2646038998188,1
35a3ce89-a765-440e-b117-ab329c21184b,9c8f0311-2823-4523-99fc-de5f1f889866,480.0075203816575,533,541.5955030846508,0
17c8cdf0-ece5-4b89-9085-dea8b94b28eb,380ab3f8-48f2-44ce-86bc-634de7a740c1,521.8929176581387,752,544.3513977191178,0
54a03ae5-f25e-4b52-97e6-261ef8ab0f8c,f374cdd2-6f8e-4c0a-8b6f-49eaca465ab1,588.6804429571108,575,591.3620206294067,0
8d08baab-930b-4402-b765-49b10c26b240,d6cfae13-b9fd-41f7-bebe-de88b49f5fac,725.4489574874997,545,591.3620206294067,1
751e86db-63d8-4719-b14f-c97cb8fd1e05,4becd706-1d6a-44fe-a059-a307942ff9de,675.2655665328591,507,751.5870442739513,0
5a4fbe86-5086-414a-bcbe-0cf9867a6456,b06cad3f-72b8-4c13-ba1a-ace3962f922f,691.7978958025099,649,701.4966844971464,0
3d7fc4e9-9f2c-44d4-8bf0-affc9d8149b4,9895a36b-9f35-40c8-b63f-ea5e1c8f9b77,626.5196730301741,592,591.3620206294067,1
7724ee59-31e2-47b2-a9d3-1dfeb19ac7b1,dea1b18a-c87d-49d7-ac1e-687ed02c3020,573.4002716681908,502,593.6935352534863,0
979871c8-829e-4c4f-b96a-2083fb6ab53d,37fac030-1b2a-4770-ab9a-9b07b7cb5dcd,558.1087464629193,561,602.1072250772881,0
4742011b-199e-488a-a719-54bd341b34d7,3d033dfe-1223-45c5-ad9a-25f945114a07,789.7576118130462,802,590.0013345978853,0
0c443d34-7900-46e5-a98e-36fa8c2496b3,e378a434-be22-4eb8-9785-4b3e6eb69c93,778.8900771557618,787,691.5892429306726,0
162aae63-415b-48c4-93e9-cba510f99cdb,4c8b11b6-39a9-4b5e-992f-fe76153fdc05,629.2269069778755,603,556.0098083477002,0
db5cdb61-52e6-4d7a-aa92-c8d80742454b,0bb8d93e-0453-46c7-9c7f-ccaf9dad943e,613.9467356889555,649,622.6725532848518,0
cfe7cfca-ee40-4362-9c38-15890d86c378,b29bebf7-b6cc-4e0f-93e7-36460c48b02a,742.298032944831,802,591.3620206294067,0
b83c3043-b4ca-4423-81bb-b74524ff4f84,3ad4a336-fdaf-4dc1-bdf8-6b2b17ab547f,641.7998443190941,649,646.4933504715979,0
c0c2f38c-9e1e-425f-9f0c-98f518b9774e,5417dd8a-7422-477f-afcd-7c3ee2b5a676,679.9607926984362,614,622.6725532848518,0
410bd7fd-a350-401a-8aba-39da239c5d95,83f7b55d-f196-4fec-835e-e64ae17d7d91,768.603386844069,802,623.5103161662596,0
45adf0be-a15c-44e4-9fa3-869cb68b48a1,fc8ad82a-ca72-4e91-b266-8771320a3cd8,794.1702484446818,802,692.9740010991186,0
8ed43cdf-14ca-4219-a59e-293e9738f252,227f4053-a7b5-4b1d-a86d-3b29415760ad,565.2675224062436,563,538.5106182558613,1
d3187a15-d938-4118-a194-082ef4efba23,3b343810-3a1f-4bf5-81bd-67793e7183c6,613.9467356889555,614,593.7674036962734,0
568edd30-e6de-4eec-9426-ce8c54a58c7f,b0a9439f-b942-4923-9398-37681b36dfed,728.1213555148902,615,583.022199248392,0
438ac144-7076-417a-bbda-9107c89c70fe,3aae6517-8a9e-4323-a0ea-904081d1d00c,613.9467356889555,802,596.4494298879533,0
e94f4423-84d9-41b9-b1e0-a119ea92d432,565addea-7471-4a4c-9e82-332715ee2676,613.9467356889555,649,536.9143320843044,1
63db28ad-91b1-431e-b45e-5ee679ddb2ca,ccffa612-9eda-42f3-9a6e-d863d3a13c4e,601.5237556629309,576,584.4069574168378,0
ae21b254-4781-4127-9161-c933c0bbf9ca,9dbcc1aa-7e5c-46c8-b4c7-0562c0098851,667.3878553572176,642,671.7537720271603,0
e5145d47-17b7-4c4e-aa77-1e12e5b10456,81a91de3-5855-4fe2-9801-06bdf8a40a67,612.8530859142467,564,724.6507193803601,0
f00d24c7-f82d-4c9c-8b8b-57fd0aa76365,47ecc2b7-db0d-471c-a18c-99639f93d831,470.00718317849294,529,532.7736792813917,1
e5f0a757-771a-493e-9d7b-349ddcba2991,5e4f3240-1fe6-48f3-abc5-35a509e46d8e,574.6921375349045,527,579.7357355396362,0
e43fbf43-75a5-4239-a951-fbdc1bdc2cc2,c4d50103-4fc2-4717-b2e9-0173d4d95ed1,793.399578287226,614,567.8761250855338,0
a99e8bf4-2ebc-498f-87d0-c0f7269bc57b,0ce6fb49-fd77-4cbb-a7b1-ea941581c3f4,728.1213555148902,746,752.9822528768968,0
ae8de046-da16-4e35-a24e-a0ac3c38e8b1,bd690543-5e2c-4c46-92a8-9a4e842dd7d0,626.5196730301741,559,637.2798326331133,1
be0406bc-809e-42c8-bf3b-bd63a973fb99,021840e5-20b9-4787-9c47-27eff7597849,626.5196730301741,626,646.6404512509692,0
39f5bbe1-0771-4244-93ed-38d088aa59ed,58a33ac1-cb52-48f4-ba92-4b62b5ed1036,577.8404597474622,606,545.2646038998188,1
b5acccdc-3be0-422e-827b-0d11793cd05d,8b430c41-7407-4a9f-ae0d-c04cb8e34af1,545.2072347727229,531,546.3006224140489,1
ca8f5efa-1036-4ec1-8079-51983672401c,d8c33d80-73d4-4233-b561-910540a6b644,535.2886983723741,576,571.3541381433809,0
cea0e813-3340-4e8c-8a5b-e59ec4292efb,5700f959-071f-4dc8-9229-e1cf774f3d96,549.6962201676614,552,637.2798326331133,0
27fce9b0-3b7a-4c93-b5c6-52c8f532e1b9,fbac0e5f-c4b8-49a9-bb69-f5f10a120ed3,740.2801769252427,745,670.1861518417013,0
53b3e4c5-9452-4caf-91f9-47cc5b9bdf4b,ff8b5ca4-214e-4f11-8f32-88ea044bd015,598.1964631113478,733,572.364312607302,0
03dfa5d3-7429-4b5f-b8a4-27342740d1d7,82192eec-ecad-4707-8f43-f06cd8f40ccb,573.4002716681908,561,547.3107968779701,0
8128c1e9-68f0-4f80-b58e-3b0d368cadd7,b3e4daca-5f72-43fd-b57c-9483fb4fb8bf,549.6962201676614,533,584.4069574168378,1
8d2ced34-069d-4adf-998e-1a37c809a6af,06ea3bfd-12fd-4342-9d9c-45e7327c2588,708.982094857174,718,748.8311496394844,0
241059ff-b097-4f9f-87f3-e167bbb40bff,eeb91902-3558-49f2-8c12-ba39b21cc1f5,641.7998443190941,569,626.4854679855719,1
a9c29514-ab20-48fd-8f7e-05cb7b801796,302ed3f5-7cbf-4de5-bd9e-c411334a14f1,468.6749128598725,552,522.9483066301464,1
32b8f9b3-6bdf-47ae-8e72-08d4de48fa64,b33afb10-8c94-4fc2-8843-44ad7a05ef28,713.1047966059224,649,623.5103161662596,0
bab11291-f15a-4016-bb0a-580741b9a8b0,d4646210-f208-4f2a-a422-2a78b39785b6,556.5398422945079,616,567.7037135030203,1
7b2b87f8-3a73-4986-a9e9-84550858dfec,353ef328-dcff-4ed6-89ca-ac2b693c5b2e,549.9873511173237,600,539.8953764243073,1
ebf5846b-1bdd-4618-967c-111ca7ea37b3,6bb48ac8-d057-4b06-8788-5247373d1509,568.4345220474686,768,655.7193075015051,0
b67ba7dc-70c8-4b06-8bf1-0613edab88a0,f800d630-7eb5-42a1-8fa7-d2ccd60d9b9b,565.2675224062436,650,535.5295739158586,0
d6478a6a-376d-4351-8a21-7ad1a5c33914,61f51a41-394a-49f5-b5b1-d9df63ff2804,534.4160488787414,768,771.4926286796112,0
6123b27a-67b1-4a5f-8b5c-c4fb3a1104b7,3d561519-1a9c-415d-bb39-30da5954a2ce,691.7978958025099,649,728.2759807465529,0
267dcce3-fa38-4aa5-a270-0127ea988336,1f325337-04b8-4e0e-877e-e0f0344ee4d0,641.7998443190941,614,538.5106182558613,0
da9d3b4f-69f4-436b-ae97-830adebbcdd2,46ea4e7b-02ca-4ecd-ac06-7dde3ec631c1,682.6680266461376,615,548.2456482398215,0
fd5ce33d-98d8-4114-a363-6e2fddeefd73,2f0e00ed-ebb8-4923-a212-ab49aee1146d,555.6671928008752,558,614.1416441465162,1
5a740c4c-94f1-48c9-b7a2-5b1747eb870f,11e26497-4c56-48b6-9b2b-4181f23d6320,581.3855072684854,563,601.5790530356114,0
5c1142e4-4a88-4f46-a0e1-2809f55ab9aa,0549c8e5-2e1c-491b-93d1-1caa8a078c38,581.3855072684854,563,601.5790530356114,0
5dc264c7-69a6-4dba-ab9a-9bc2c147141a,960164f0-b788-4610-af34-fd67df05ce27,534.6448253383827,516,635.7823259498019,0
5e916dfd-2fea-477b-ab00-8c1b9a7230b9,778a1be2-6c6d-406b-8a10-5eae4ded3a48,723.6877979222868,525,831.2211112900897,0
df46b691-b5fc-4a81-a93b-75c48275059a,67a02401-0053-4880-b82a-97939589296e,556.78937433921,467,554.9809577089716,1
e65e6e9d-78c0-4e70-9114-0bb5ff290f1f,658537ad-1d20-4acf-86b9-de08343b6df8,722.1503828816764,476,623.5103161662596,0
9f550aa8-8f72-418b-ac39-225d308252ab,0f4505a5-3a1f-4c95-9774-bb4ad1c36212,711.6018886319131,753,653.1219459257838,0
30cbab06-f644-41e1-b004-4c27abefeb06,f7b79638-cabf-455f-b717-72c2392f8300,748.2465370954953,768,696.9654480911079,0
dc46a3bc-20d7-4215-92ed-53536029ec95,0b100069-629c-499a-94b8-54b6e2ee4f39,752.2440771527808,556,714.9239151367077,0
e0c1c565-4e0e-4227-9a77-1d699c3b229e,28d94b1a-eece-4e82-831a-bfb570474787,599.6942716510772,759,830.4111754862458,0
ed0f4876-cc7f-498c-ac49-829b79d7b14e,dbe7b0f7-0df4-49aa-ace4-d281291b05ff,496.8679497553404,469,528.6031766893876,1
b5a4f984-0c55-4e59-b9c7-d847b8d9a24c,563383ef-8477-404b-b268-26b288f5368c,667.3878553572176,614,680.0935934081749,0
bd156e3a-5774-48d0-acb8-39a100e67cc6,2fa22cb5-889f-4633-a846-c5f0b19dc157,626.5196730301741,745,584.4069574168378,0
c44c715d-223c-4250-b829-85b8d27f5a28,ac4cd455-5f01-4237-b728-0f1016eba48a,538.1779793697548,647,744.0078858331037,0
d1037f2b-3cad-4550-acc0-028b8ab4400c,56f47313-8759-4a5b-8b41-b20f9ed81f9e,482.3513440600702,457,638.6750412360587,1
3054b9ea-73d3-4739-939e-fc170c703b5d,a86e61c9-6f4a-4fb0-9c66-7536dc78b00c,598.3961890354341,575,593.7674036962734,0
c4b32a02-b8ca-40f4-ae52-3b8ba21f6931,77e21ca4-d7c6-4917-b6fd-b41abd92d9a5,626.5196730301741,519,592.7572292323522,0
325c2041-db27-4013-959e-962d852726f2,48e377ad-8569-4a4b-8f4f-cdad1d57fafc,496.52802149001104,537,520.2110881704868,1
3cc2109f-a899-4841-a41c-4cc41d681887,12d0b294-4f3e-4420-bfc4-d86a9a163600,549.9249966273027,608,658.6829237220848,0
4b2b68d7-0cb7-41ed-b7fd-4f40a6658bd5,55da3421-4af0-4a83-a085-d6fe98e6c9cd,708.6184412720545,583,580.2663046139251,0
4b9c875d-cd48-4a44-818b-55d54db1d27d,2c0b8a2a-e4c4-4c11-ad19-e6440b960fc5,634.9670352457429,598,580.17596194664,1
58dadd46-570f-4183-9f71-cd018163c5a3,544b824e-7f45-4919-a53f-e13d3419d175,507.3265058422526,541,758.4815854213948,0
8a5e33de-a51e-465c-a24f-24aa0547d029,eecd16bf-9c60-426d-b224-983767b4e842,457.883726965891,476,469.8214222068361,1
8c2f5e7c-84b4-4ab5-8fdf-dd173129af40,ae51fcd5-bdee-4213-9aff-ff8b25bdf417,636.446233747185,512,606.1844598719135,0
25525003-6afb-42a1-b597-8194ef16baae,9eed047b-b70b-48a3-8793-f2c31607d7cc,712.2901432243302,616,622.6725532848518,0
cabb5402-4885-41ff-a9b8-88f4674398ec,9ff2a99a-0bdf-4e99-9ef8-c044b2fe8788,470.00718317849294,516,546.27477836374,1
75275ee1-80a0-4541-bd47-e4240fe5fd8d,480354c9-41d7-46cf-90a9-36d4cb6d3b12,552.4289047793677,649,494.874937936168,1
688824e3-a73a-425c-a68a-da5543737d53,4caf465a-e441-4d94-b9c4-1673ce2d1566,789.8545307662027,649,701.4966844971464,0
0ab86b05-7f44-4714-a4f1-f46bd3fa8c57,2a824b5f-2f5c-4a0c-ae06-42d4eb213785,686.0269816831777,562,682.3265648925282,0
4449e8d2-635a-43b1-860b-cac0bf35bc10,dca55018-968f-4ea4-8f0b-6ae6eeda49c0,635.9614452047391,610,599.3513304428212,0
49b57188-4104-465e-a5e1-e42d5baf66ec,5dd21653-f738-490b-ba0d-793e78e5de58,585.2373747722645,583,637.2798326331133,0
7ebf9c19-3b50-4a7d-a303-3a0e4ea4bc63,28db300d-5520-4a06-9320-c3cfc39c24cc,653.750810230773,586,725.036021861308,0
8a3ca4cd-323b-4c50-8075-087280c827b4,ba039bf5-d57b-4e33-bf6f-6b47314e721e,648.872242905582,649,612.7651117183781,0
1ec12dd9-8524-404b-8855-dfe7880976f1,ecba4971-c624-46ba-9fe4-236f75749036,519.1636089463263,529,614.149869886824,1
b2b083c4-8e60-486e-9ef9-f6b297bdd538,7c8744ef-704e-43fb-8fd8-33d466400971,611.0746117374789,530,543.518883729273,0
cd227fa7-55fb-42ee-8f30-293c8b777331,4fb75f83-2d6e-4d64-8409-42ac7f5c2c48,549.9873511173237,621,538.5106182558613,1
7e467312-c300-4d80-8207-b01854c54cc0,fa51af61-08d8-4c56-b500-baa966c43b43,598.4252395709891,622,592.7572292323522,0
8b54e56c-8075-47d0-9823-5c3e5cde8a1b,f52e2736-cd74-49e4-8b2c-7c079d56e7b5,770.7432352458499,528,728.2759807465529,0
405a094a-0fba-4583-8ad5-08b07dc06d4c,04755707-77c0-43e5-bc79-22335adf4fc7,781.5624751831522,594,861.7217081416909,0
ef32e4af-38bb-4b56-b705-b289250af7d3,63a14a4c-0870-406d-aefc-20bbdb3daa3a,793.6283547468672,802,656.4007920380716,0
7f916751-5ea0-4648-bd74-112c38fd1d86,9a7d5e9f-288d-4494-bacc-694367acc75d,626.5196730301741,807,612.7651117183781,0
3aece9b2-74d4-4ea6-b5ff-5dc797171dc3,a82ada53-6feb-4999-bcb1-18c4d025fc96,562.5602884585422,614,535.5295739158586,0
4afd675f-1ef7-4055-a226-ea8668a24399,79a847f2-91f0-42c1-9e65-3a48e8007320,626.5196730301741,614,606.356871454427,0
7d7b7522-5681-4fb8-acae-fe2b96453cdc,8ddd2edb-92d3-434c-a39f-ce4b5ae8ed74,748.4753135551366,752,677.1299771875954,0
ae44b23b-f848-4907-bdd9-da65200dcb42,84a1f68d-4193-4f87-8048-828f62b2c45a,581.3855072684854,614,601.5790530356114,0
efb4763f-0353-4ab6-932b-a030cf461012,570301ac-50a8-4902-84ca-4c3870a04b90,562.5602884585422,621,590.285042387958,0
f0bc5157-8bad-4abf-88d3-39357050ea01,19206943-0132-40f8-8f6b-ad8da7940571,679.9607926984362,648,677.3376987737081,1
f67f9109-0ff7-4493-b2eb-4969518da4e1,65356fad-9289-44b4-8a5f-81767fe95288,573.4002716681908,768,582.0993425912623,0
59a345a5-ca8d-4998-81e2-ae85a74fba93,1a5874a8-5ad9-4340-aa50-6f63a3dec957,682.0956648295269,549,758.358458037332,0
5ac55d4d-b8ad-4dff-98f4-8ba910752983,6a8cc63c-6a86-456f-9962-3c567904d09d,724.3454636285205,742,584.4069574168378,0
eb388ea3-03f9-4765-9eef-c237e0afb68c,ed1e3da9-e0e1-403d-be9d-100aa10e6298,682.6680266461376,802,612.7651117183781,0
a784e047-dae9-45f4-8b62-e952fa462489,06ba9c27-1721-47c2-b028-eede0dac6905,602.627975380312,588,574.071732003103,0
ac722109-abd8-47ee-9530-2cae5d8b5ec7,b039a7e9-e4d7-4823-82a4-182e7cd372e9,664.152414194502,598,587.7115959890463,0
b67f5ba8-32fa-475e-95d4-0b5ae042b6bb,ce2b7d35-a624-458f-a24b-85127d763270,648.872242905582,592,622.6725532848518,0
2607470d-42e2-4c42-be9d-56f9b8869399,0681db20-eca9-47d3-84a4-c37adb542d27,524.760589384734,571,521.5958463389327,1
1d27c3dc-e737-4b97-88b5-0822514449d5,381fd71e-0b23-4c09-91f4-706cbb89bf3f,562.5602884585422,549,558.8642461218935,0
80014e1b-c648-4e55-b341-6e238ba1148f,fad1dea5-dc35-4e0f-98ae-99e818c2fdd1,567.5618725538359,553,590.0013345978853,0
6101abef-fe68-473f-9420-98fbe26a7ac1,0066193a-d503-47dd-9ec6-28f4bb242156,661.0310643159345,615,692.9740010991186,0
c65bdc3b-9bee-4a35-94cb-cb02f142578e,8dbaf87d-7a06-43b8-81cc-03eb6de2beae,636.0177313634575,593,533.2637351055236,0
c58770a9-7c90-4b3d-95e5-a7591fee1ec1,23e07299-69a4-4636-baa0-ea9148200a3c,695.2409639873562,568,612.7651117183781,0
cab705b0-565f-42b5-9f01-9bd343ab450d,b04f0534-43bd-44d2-8365-8ff8c3b041b6,545.2072347727229,589,752.9822528768968,0
2767bf7b-51ae-4f62-999f-96b405b518b8,b035449a-057c-42ec-85dd-b701403c0cc9,726.7376711372349,834,830.4111754862458,0
2c77f7fa-668f-4f08-8200-86411033c312,ac63a6a7-9382-4544-9349-1b7fb787b4f5,769.1743310774385,581,668.8254658101798,0
3837b607-058b-4772-afc5-bcb26a48893e,5d1beff8-3cdb-4961-b60b-beddfb03f4df,648.9651847522194,769,696.9654480911079,1
0c976a0b-a034-461c-957d-f7a5f819caf8,42558877-1b02-42f9-a4c2-1fe38e714ee1,573.4002716681908,540,614.149869886824,0
4bec5141-ccff-42a6-881d-246e6bfc239b,874639e4-7953-4649-ae02-59d4893e41f0,790.7271802598354,678,831.8063840891913,0
20b74f48-ce84-48ea-81db-039658b9f734,7d06b0a9-a230-4e37-9c76-efaced6e5b18,537.1232828264428,471,556.0098083477002,1
215ca059-aac1-4c09-a6db-9e2a143ce7c5,987da0d5-f838-45a9-8bb6-d19a64e8888c,711.8349746242238,583,751.5870442739513,0
919f8399-5794-45c0-8ecc-cc693469d487,0aa3dd12-4376-4c7e-8fa8-3e7262f27414,600.5175460611845,570,612.7651117183781,1
12eb3925-bb6d-4b71-9251-5a4cc4182182,7d78f9bf-da6e-4afe-8251-33ffd0b8bf35,638.3567761342478,802,538.5106182558613,0
7ac4b4e2-62ab-4d92-b224-b4cd9f94fa86,ef857e33-c538-49c7-9899-5446a5a7c770,642.6724938127268,642,596.4494298879533,0
7b928d20-0f35-4090-9085-fd6082dd225b,27c0a046-fbf9-42f3-a5c4-4f684784eb75,561.8196763802633,530,782.1398925477812,0
8b8bde0d-b18e-490a-b3e9-b6f3a2307138,75e66af7-708c-4b6c-88b7-f75bc9c18791,610.8042363728773,568,610.0092170839112,0
b1ad7897-17c3-4573-98ce-8884358ced1c,2abe8fb7-66c8-412c-a18b-1e5d9d020113,781.5624751831522,802,670.1861518417013,0
45f26adb-eb1d-4403-ad96-68a78ec86646,af6f2a4f-d661-4b1d-991b-c73e59083fe6,598.8100713898036,587,637.2798326331133,1
0bee0f84-e488-427c-85be-5214d538d8fe,d616c512-d4b6-4483-90ac-b059543cb9c6,740.7291287764197,675,591.3620206294067,0
7af209cd-4c40-41c8-a284-77972ddfe998,94ec0b5d-7878-47c1-80b0-6cad1c74bc8b,546.3107286317021,542,571.3541381433809,0
2cb64736-ecf7-48c6-a48c-1c151b6adc75,02e4b2a8-31c3-4a59-8dfb-412358bc98f0,737.9783381598329,767,830.4111754862458,0
3fcf5adb-a93a-4705-994a-06a6744f10de,b4edbd22-583e-4a08-b2f9-970b781b933e,650.2057627097499,549,750.0895375906398,0
0d694ed0-cee6-4244-9608-90cfec36cc19,d54e0e53-bafe-4209-af0f-e4e4c140458b,736.7351294042196,539,698.3502062595537,0
1e13884b-af74-4e26-b696-120836ae856e,53860aa9-a644-418b-96ff-581678de4fb3,672.3295561255164,746,557.0458268619303,0
3e56775d-ec9c-4f90-9c89-7dc158b727bf,6e04d08f-b781-40b5-96ef-7f13a0171747,629.2269069778755,614,612.7651117183781,0
f5042f66-1fe0-41f1-b58a-ad8f5fb292a7,9b313a51-df16-49d2-a7db-23c4f07dddeb,595.7528415435986,769,590.0013345978853,0
62a39eac-4162-4dee-a00b-ee6560887bbb,6d7fbb06-ecaa-494e-86be-f3eb48d1c396,649.1939612118608,740,683.6133824812626,1
0c83370e-d7f2-4cef-afcd-b3269eb47157,b4eb9799-5d25-4a42-b0a3-2f1033b05e24,704.4265900250072,593,603.5024336802337,0
7e913fb4-8ce3-4b30-981d-1ede40e94bac,65182109-3611-47f3-98fa-0a5fb5ad2559,585.2373747722645,593,639.9126986251332,0
851a4af4-f427-4bf9-9d1e-2ee617cce493,03b5d9ab-be59-4130-910a-1624f8b6dd5a,590.2924903090419,617,572.7388963118267,0
622f75cc-9678-4825-9c8c-20ba921ee8ec,7231f299-875b-451a-ab0d-a88297427ca5,538.1779793697548,807,566.6572445542905,1
0adcf9a1-4fd6-4dfa-8cb5-46f317c168e4,aba8f860-5566-4445-8d23-66018861b614,626.5196730301741,802,622.6725532848518,0
6b55b2d9-23b9-408d-b367-09b900262800,45d0e704-6097-4890-a09f-84a2111325db,585.2373747722645,600,622.6725532848518,0
818ce27a-7856-427a-8fd3-05f87fce17dd,6ae931a4-a673-42d2-b306-6536b10de7a8,626.5196730301741,769,624.0573114532976,0
1a40ba90-d2d1-4712-b5ed-861460cc578e,2eebd30c-dea5-4c55-ac1f-71a66e8746b0,714.4449243146925,656,583.022199248392,0
8bbed911-f91e-47b0-8cea-12f5518f442e,09cce409-b12e-4de6-9174-3c280682d9a7,613.9467356889555,563,592.9296408148657,0
24806415-70b5-430b-9778-ad16a9ff6bd4,c9b039f5-2bc7-4dcd-869c-052ef759764b,641.7998443190941,600,538.5106182558613,0
